Colorado (PST) SNOTEL Site Berthoud Summit - NRCS National Water and Climate Center - Provisional Data - subject to revision as of Fri Feb 16 12:09:26 GMT-08:00 2018. Notes on dates - Daily sensors (e.g. TAVG.D-1) report a summary value for the previous day.  Hourly sensors (e.g. TAVG.H-1) report a summary value for the previous hour.  Instantaneous sensors (e.g. TOBS.I-1) report a single observation on the hour.,,,
,,,
Site Id,Date,Time,SNWD.I-1 (in) 
335,10/1/2017,0:00,1
335,10/1/2017,1:00,0
335,10/1/2017,2:00,0
335,10/1/2017,3:00,-99.9
335,10/1/2017,4:00,-99.9
335,10/1/2017,5:00,-99.9
335,10/1/2017,6:00,-99.9
335,10/1/2017,7:00,2
335,10/1/2017,8:00,1
335,10/1/2017,9:00,1
335,10/1/2017,10:00,-99.9
335,10/1/2017,11:00,0
335,10/1/2017,12:00,0
335,10/1/2017,13:00,0
335,10/1/2017,14:00,-99.9
335,10/1/2017,15:00,-99.9
335,10/1/2017,16:00,-99.9
335,10/1/2017,17:00,-99.9
335,10/1/2017,18:00,-99.9
335,10/1/2017,19:00,-99.9
335,10/1/2017,20:00,-99.9
335,10/1/2017,21:00,-99.9
335,10/1/2017,22:00,-99.9
335,10/1/2017,23:00,-99.9
335,10/2/2017,0:00,12
335,10/2/2017,1:00,12
335,10/2/2017,2:00,-99.9
335,10/2/2017,3:00,-99.9
335,10/2/2017,4:00,-99.9
335,10/2/2017,5:00,12
335,10/2/2017,6:00,12
335,10/2/2017,7:00,12
335,10/2/2017,8:00,11
335,10/2/2017,9:00,10
335,10/2/2017,10:00,10
335,10/2/2017,11:00,9
335,10/2/2017,12:00,8
335,10/2/2017,13:00,-99.9
335,10/2/2017,14:00,-99.9
335,10/2/2017,15:00,-99.9
335,10/2/2017,16:00,-99.9
335,10/2/2017,17:00,-99.9
335,10/2/2017,18:00,-99.9
335,10/2/2017,19:00,-99.9
335,10/2/2017,20:00,-99.9
335,10/2/2017,21:00,-99.9
335,10/2/2017,22:00,11
335,10/2/2017,23:00,11
335,10/3/2017,0:00,11
335,10/3/2017,1:00,11
335,10/3/2017,2:00,11
335,10/3/2017,3:00,11
335,10/3/2017,4:00,11
335,10/3/2017,5:00,11
335,10/3/2017,6:00,11
335,10/3/2017,7:00,10
335,10/3/2017,8:00,9
335,10/3/2017,9:00,-99.9
335,10/3/2017,10:00,6
335,10/3/2017,11:00,8
335,10/3/2017,12:00,6
335,10/3/2017,13:00,6
335,10/3/2017,14:00,7
335,10/3/2017,15:00,8
335,10/3/2017,16:00,8
335,10/3/2017,17:00,8
335,10/3/2017,18:00,8
335,10/3/2017,19:00,8
335,10/3/2017,20:00,8
335,10/3/2017,21:00,8
335,10/3/2017,22:00,8
335,10/3/2017,23:00,8
335,10/4/2017,0:00,8
335,10/4/2017,1:00,7
335,10/4/2017,2:00,8
335,10/4/2017,3:00,7
335,10/4/2017,4:00,7
335,10/4/2017,5:00,7
335,10/4/2017,6:00,8
335,10/4/2017,7:00,7
335,10/4/2017,8:00,6
335,10/4/2017,9:00,6
335,10/4/2017,10:00,-99.9
335,10/4/2017,11:00,5
335,10/4/2017,12:00,4
335,10/4/2017,13:00,3
335,10/4/2017,14:00,2
335,10/4/2017,15:00,3
335,10/4/2017,16:00,3
335,10/4/2017,17:00,4
335,10/4/2017,18:00,3
335,10/4/2017,19:00,4
335,10/4/2017,20:00,4
335,10/4/2017,21:00,4
335,10/4/2017,22:00,4
335,10/4/2017,23:00,4
335,10/5/2017,0:00,4
335,10/5/2017,1:00,4
335,10/5/2017,2:00,4
335,10/5/2017,3:00,4
335,10/5/2017,4:00,4
335,10/5/2017,5:00,4
335,10/5/2017,6:00,4
335,10/5/2017,7:00,4
335,10/5/2017,8:00,3
335,10/5/2017,9:00,3
335,10/5/2017,10:00,2
335,10/5/2017,11:00,2
335,10/5/2017,12:00,2
335,10/5/2017,13:00,1
335,10/5/2017,14:00,1
335,10/5/2017,15:00,0
335,10/5/2017,16:00,0
335,10/5/2017,17:00,1
335,10/5/2017,18:00,1
335,10/5/2017,19:00,1
335,10/5/2017,20:00,2
335,10/5/2017,21:00,2
335,10/5/2017,22:00,2
335,10/5/2017,23:00,1
335,10/6/2017,0:00,3
335,10/6/2017,1:00,1
335,10/6/2017,2:00,1
335,10/6/2017,3:00,1
335,10/6/2017,4:00,1
335,10/6/2017,5:00,1
335,10/6/2017,6:00,1
335,10/6/2017,7:00,0
335,10/6/2017,8:00,1
335,10/6/2017,9:00,1
335,10/6/2017,10:00,-99.9
335,10/6/2017,11:00,-99.9
335,10/6/2017,12:00,-99.9
335,10/6/2017,13:00,0
335,10/6/2017,14:00,1
335,10/6/2017,15:00,1
335,10/6/2017,16:00,1
335,10/6/2017,17:00,1
335,10/6/2017,18:00,1
335,10/6/2017,19:00,1
335,10/6/2017,20:00,1
335,10/6/2017,21:00,1
335,10/6/2017,22:00,1
335,10/6/2017,23:00,1
335,10/7/2017,0:00,2
335,10/7/2017,1:00,2
335,10/7/2017,2:00,1
335,10/7/2017,3:00,1
335,10/7/2017,4:00,2
335,10/7/2017,5:00,2
335,10/7/2017,6:00,1
335,10/7/2017,7:00,1
335,10/7/2017,8:00,0
335,10/7/2017,9:00,0
335,10/7/2017,10:00,1
335,10/7/2017,11:00,-99.9
335,10/7/2017,12:00,0
335,10/7/2017,13:00,0
335,10/7/2017,14:00,-1
335,10/7/2017,15:00,0
335,10/7/2017,16:00,0
335,10/7/2017,17:00,1
335,10/7/2017,18:00,1
335,10/7/2017,19:00,1
335,10/7/2017,20:00,1
335,10/7/2017,21:00,0
335,10/7/2017,22:00,1
335,10/7/2017,23:00,1
335,10/8/2017,0:00,1
335,10/8/2017,1:00,1
335,10/8/2017,2:00,1
335,10/8/2017,3:00,1
335,10/8/2017,4:00,0
335,10/8/2017,5:00,0
335,10/8/2017,6:00,1
335,10/8/2017,7:00,0
335,10/8/2017,8:00,0
335,10/8/2017,9:00,0
335,10/8/2017,10:00,0
335,10/8/2017,11:00,0
335,10/8/2017,12:00,-1
335,10/8/2017,13:00,-99.9
335,10/8/2017,14:00,-99.9
335,10/8/2017,15:00,0
335,10/8/2017,16:00,1
335,10/8/2017,17:00,1
335,10/8/2017,18:00,1
335,10/8/2017,19:00,1
335,10/8/2017,20:00,1
335,10/8/2017,21:00,1
335,10/8/2017,22:00,1
335,10/8/2017,23:00,1
335,10/9/2017,0:00,1
335,10/9/2017,1:00,1
335,10/9/2017,2:00,3
335,10/9/2017,3:00,3
335,10/9/2017,4:00,2
335,10/9/2017,5:00,3
335,10/9/2017,6:00,3
335,10/9/2017,7:00,-99.9
335,10/9/2017,8:00,4
335,10/9/2017,9:00,3
335,10/9/2017,10:00,-99.9
335,10/9/2017,11:00,-99.9
335,10/9/2017,12:00,-99.9
335,10/9/2017,13:00,-99.9
335,10/9/2017,14:00,-99.9
335,10/9/2017,15:00,-99.9
335,10/9/2017,16:00,-99.9
335,10/9/2017,17:00,-99.9
335,10/9/2017,18:00,-99.9
335,10/9/2017,19:00,-99.9
335,10/9/2017,20:00,-99.9
335,10/9/2017,21:00,-99.9
335,10/9/2017,22:00,-99.9
335,10/9/2017,23:00,-99.9
335,10/10/2017,0:00,5
335,10/10/2017,1:00,-99.9
335,10/10/2017,2:00,2
335,10/10/2017,3:00,-99.9
335,10/10/2017,4:00,-99.9
335,10/10/2017,5:00,-99.9
335,10/10/2017,6:00,-99.9
335,10/10/2017,7:00,0
335,10/10/2017,8:00,1
335,10/10/2017,9:00,-99.9
335,10/10/2017,10:00,-99.9
335,10/10/2017,11:00,-99.9
335,10/10/2017,12:00,-99.9
335,10/10/2017,13:00,-99.9
335,10/10/2017,14:00,-99.9
335,10/10/2017,15:00,-1
335,10/10/2017,16:00,1
335,10/10/2017,17:00,0
335,10/10/2017,18:00,0
335,10/10/2017,19:00,1
335,10/10/2017,20:00,0
335,10/10/2017,21:00,-99.9
335,10/10/2017,22:00,2
335,10/10/2017,23:00,-99.9
335,10/11/2017,0:00,1
335,10/11/2017,1:00,1
335,10/11/2017,2:00,1
335,10/11/2017,3:00,1
335,10/11/2017,4:00,1
335,10/11/2017,5:00,1
335,10/11/2017,6:00,1
335,10/11/2017,7:00,1
335,10/11/2017,8:00,-99.9
335,10/11/2017,9:00,-99.9
335,10/11/2017,10:00,-99.9
335,10/11/2017,11:00,-99.9
335,10/11/2017,12:00,-1
335,10/11/2017,13:00,-99.9
335,10/11/2017,14:00,-1
335,10/11/2017,15:00,0
335,10/11/2017,16:00,0
335,10/11/2017,17:00,0
335,10/11/2017,18:00,1
335,10/11/2017,19:00,1
335,10/11/2017,20:00,0
335,10/11/2017,21:00,1
335,10/11/2017,22:00,1
335,10/11/2017,23:00,1
335,10/12/2017,0:00,1
335,10/12/2017,1:00,1
335,10/12/2017,2:00,1
335,10/12/2017,3:00,1
335,10/12/2017,4:00,1
335,10/12/2017,5:00,1
335,10/12/2017,6:00,1
335,10/12/2017,7:00,0
335,10/12/2017,8:00,0
335,10/12/2017,9:00,0
335,10/12/2017,10:00,0
335,10/12/2017,11:00,0
335,10/12/2017,12:00,0
335,10/12/2017,13:00,-1
335,10/12/2017,14:00,-1
335,10/12/2017,15:00,0
335,10/12/2017,16:00,0
335,10/12/2017,17:00,1
335,10/12/2017,18:00,0
335,10/12/2017,19:00,0
335,10/12/2017,20:00,1
335,10/12/2017,21:00,1
335,10/12/2017,22:00,1
335,10/12/2017,23:00,1
335,10/13/2017,0:00,1
335,10/13/2017,1:00,2
335,10/13/2017,2:00,1
335,10/13/2017,3:00,1
335,10/13/2017,4:00,1
335,10/13/2017,5:00,1
335,10/13/2017,6:00,1
335,10/13/2017,7:00,0
335,10/13/2017,8:00,0
335,10/13/2017,9:00,0
335,10/13/2017,10:00,0
335,10/13/2017,11:00,0
335,10/13/2017,12:00,0
335,10/13/2017,13:00,0
335,10/13/2017,14:00,-1
335,10/13/2017,15:00,0
335,10/13/2017,16:00,1
335,10/13/2017,17:00,1
335,10/13/2017,18:00,1
335,10/13/2017,19:00,0
335,10/13/2017,20:00,1
335,10/13/2017,21:00,1
335,10/13/2017,22:00,1
335,10/13/2017,23:00,1
335,10/14/2017,0:00,1
335,10/14/2017,1:00,1
335,10/14/2017,2:00,1
335,10/14/2017,3:00,1
335,10/14/2017,4:00,1
335,10/14/2017,5:00,1
335,10/14/2017,6:00,1
335,10/14/2017,7:00,0
335,10/14/2017,8:00,0
335,10/14/2017,9:00,1
335,10/14/2017,10:00,1
335,10/14/2017,11:00,0
335,10/14/2017,12:00,1
335,10/14/2017,13:00,0
335,10/14/2017,14:00,1
335,10/14/2017,15:00,1
335,10/14/2017,16:00,1
335,10/14/2017,17:00,2
335,10/14/2017,18:00,2
335,10/14/2017,19:00,2
335,10/14/2017,20:00,1
335,10/14/2017,21:00,1
335,10/14/2017,22:00,1
335,10/14/2017,23:00,2
335,10/15/2017,0:00,1
335,10/15/2017,1:00,1
335,10/15/2017,2:00,2
335,10/15/2017,3:00,2
335,10/15/2017,4:00,2
335,10/15/2017,5:00,2
335,10/15/2017,6:00,2
335,10/15/2017,7:00,0
335,10/15/2017,8:00,1
335,10/15/2017,9:00,1
335,10/15/2017,10:00,0
335,10/15/2017,11:00,0
335,10/15/2017,12:00,0
335,10/15/2017,13:00,0
335,10/15/2017,14:00,0
335,10/15/2017,15:00,0
335,10/15/2017,16:00,1
335,10/15/2017,17:00,1
335,10/15/2017,18:00,1
335,10/15/2017,19:00,1
335,10/15/2017,20:00,1
335,10/15/2017,21:00,1
335,10/15/2017,22:00,1
335,10/15/2017,23:00,1
335,10/16/2017,0:00,1
335,10/16/2017,1:00,1
335,10/16/2017,2:00,2
335,10/16/2017,3:00,1
335,10/16/2017,4:00,1
335,10/16/2017,5:00,1
335,10/16/2017,6:00,1
335,10/16/2017,7:00,1
335,10/16/2017,8:00,0
335,10/16/2017,9:00,-99.9
335,10/16/2017,10:00,0
335,10/16/2017,11:00,0
335,10/16/2017,12:00,-99.9
335,10/16/2017,13:00,-99.9
335,10/16/2017,14:00,-99.9
335,10/16/2017,15:00,0
335,10/16/2017,16:00,1
335,10/16/2017,17:00,1
335,10/16/2017,18:00,1
335,10/16/2017,19:00,1
335,10/16/2017,20:00,1
335,10/16/2017,21:00,1
335,10/16/2017,22:00,1
335,10/16/2017,23:00,1
335,10/17/2017,0:00,1
335,10/17/2017,1:00,1
335,10/17/2017,2:00,1
335,10/17/2017,3:00,1
335,10/17/2017,4:00,1
335,10/17/2017,5:00,2
335,10/17/2017,6:00,1
335,10/17/2017,7:00,0
335,10/17/2017,8:00,0
335,10/17/2017,9:00,0
335,10/17/2017,10:00,0
335,10/17/2017,11:00,0
335,10/17/2017,12:00,-1
335,10/17/2017,13:00,-1
335,10/17/2017,14:00,-1
335,10/17/2017,15:00,0
335,10/17/2017,16:00,0
335,10/17/2017,17:00,0
335,10/17/2017,18:00,1
335,10/17/2017,19:00,1
335,10/17/2017,20:00,1
335,10/17/2017,21:00,1
335,10/17/2017,22:00,1
335,10/17/2017,23:00,1
335,10/18/2017,0:00,1
335,10/18/2017,1:00,0
335,10/18/2017,2:00,1
335,10/18/2017,3:00,1
335,10/18/2017,4:00,1
335,10/18/2017,5:00,1
335,10/18/2017,6:00,2
335,10/18/2017,7:00,1
335,10/18/2017,8:00,1
335,10/18/2017,9:00,0
335,10/18/2017,10:00,0
335,10/18/2017,11:00,0
335,10/18/2017,12:00,-1
335,10/18/2017,13:00,-99.9
335,10/18/2017,14:00,-99.9
335,10/18/2017,15:00,0
335,10/18/2017,16:00,0
335,10/18/2017,17:00,1
335,10/18/2017,18:00,1
335,10/18/2017,19:00,0
335,10/18/2017,20:00,1
335,10/18/2017,21:00,1
335,10/18/2017,22:00,0
335,10/18/2017,23:00,1
335,10/19/2017,0:00,1
335,10/19/2017,1:00,1
335,10/19/2017,2:00,1
335,10/19/2017,3:00,1
335,10/19/2017,4:00,0
335,10/19/2017,5:00,1
335,10/19/2017,6:00,1
335,10/19/2017,7:00,0
335,10/19/2017,8:00,0
335,10/19/2017,9:00,0
335,10/19/2017,10:00,0
335,10/19/2017,11:00,0
335,10/19/2017,12:00,-1
335,10/19/2017,13:00,0
335,10/19/2017,14:00,-1
335,10/19/2017,15:00,0
335,10/19/2017,16:00,0
335,10/19/2017,17:00,1
335,10/19/2017,18:00,1
335,10/19/2017,19:00,1
335,10/19/2017,20:00,1
335,10/19/2017,21:00,1
335,10/19/2017,22:00,1
335,10/19/2017,23:00,1
335,10/20/2017,0:00,1
335,10/20/2017,1:00,1
335,10/20/2017,2:00,1
335,10/20/2017,3:00,1
335,10/20/2017,4:00,1
335,10/20/2017,5:00,1
335,10/20/2017,6:00,1
335,10/20/2017,7:00,0
335,10/20/2017,8:00,0
335,10/20/2017,9:00,0
335,10/20/2017,10:00,0
335,10/20/2017,11:00,0
335,10/20/2017,12:00,0
335,10/20/2017,13:00,-1
335,10/20/2017,14:00,-1
335,10/20/2017,15:00,0
335,10/20/2017,16:00,1
335,10/20/2017,17:00,1
335,10/20/2017,18:00,1
335,10/20/2017,19:00,1
335,10/20/2017,20:00,1
335,10/20/2017,21:00,1
335,10/20/2017,22:00,1
335,10/20/2017,23:00,-99.9
335,10/21/2017,0:00,1
335,10/21/2017,1:00,3
335,10/21/2017,2:00,2
335,10/21/2017,3:00,1
335,10/21/2017,4:00,4
335,10/21/2017,5:00,3
335,10/21/2017,6:00,4
335,10/21/2017,7:00,-99.9
335,10/21/2017,8:00,3
335,10/21/2017,9:00,3
335,10/21/2017,10:00,3
335,10/21/2017,11:00,1
335,10/21/2017,12:00,1
335,10/21/2017,13:00,1
335,10/21/2017,14:00,2
335,10/21/2017,15:00,2
335,10/21/2017,16:00,3
335,10/21/2017,17:00,2
335,10/21/2017,18:00,2
335,10/21/2017,19:00,3
335,10/21/2017,20:00,3
335,10/21/2017,21:00,2
335,10/21/2017,22:00,3
335,10/21/2017,23:00,3
335,10/22/2017,0:00,3
335,10/22/2017,1:00,3
335,10/22/2017,2:00,3
335,10/22/2017,3:00,3
335,10/22/2017,4:00,3
335,10/22/2017,5:00,3
335,10/22/2017,6:00,2
335,10/22/2017,7:00,2
335,10/22/2017,8:00,2
335,10/22/2017,9:00,1
335,10/22/2017,10:00,1
335,10/22/2017,11:00,1
335,10/22/2017,12:00,1
335,10/22/2017,13:00,0
335,10/22/2017,14:00,0
335,10/22/2017,15:00,1
335,10/22/2017,16:00,1
335,10/22/2017,17:00,1
335,10/22/2017,18:00,1
335,10/22/2017,19:00,1
335,10/22/2017,20:00,1
335,10/22/2017,21:00,1
335,10/22/2017,22:00,1
335,10/22/2017,23:00,1
335,10/23/2017,0:00,1
335,10/23/2017,1:00,1
335,10/23/2017,2:00,1
335,10/23/2017,3:00,1
335,10/23/2017,4:00,1
335,10/23/2017,5:00,1
335,10/23/2017,6:00,1
335,10/23/2017,7:00,0
335,10/23/2017,8:00,0
335,10/23/2017,9:00,0
335,10/23/2017,10:00,0
335,10/23/2017,11:00,1
335,10/23/2017,12:00,0
335,10/23/2017,13:00,0
335,10/23/2017,14:00,0
335,10/23/2017,15:00,1
335,10/23/2017,16:00,1
335,10/23/2017,17:00,1
335,10/23/2017,18:00,1
335,10/23/2017,19:00,1
335,10/23/2017,20:00,1
335,10/23/2017,21:00,1
335,10/23/2017,22:00,1
335,10/23/2017,23:00,1
335,10/24/2017,0:00,1
335,10/24/2017,1:00,1
335,10/24/2017,2:00,1
335,10/24/2017,3:00,1
335,10/24/2017,4:00,2
335,10/24/2017,5:00,2
335,10/24/2017,6:00,2
335,10/24/2017,7:00,1
335,10/24/2017,8:00,0
335,10/24/2017,9:00,1
335,10/24/2017,10:00,1
335,10/24/2017,11:00,0
335,10/24/2017,12:00,-1
335,10/24/2017,13:00,0
335,10/24/2017,14:00,0
335,10/24/2017,15:00,1
335,10/24/2017,16:00,1
335,10/24/2017,17:00,1
335,10/24/2017,18:00,1
335,10/24/2017,19:00,1
335,10/24/2017,20:00,1
335,10/24/2017,21:00,1
335,10/24/2017,22:00,1
335,10/24/2017,23:00,1
335,10/25/2017,0:00,1
335,10/25/2017,1:00,1
335,10/25/2017,2:00,2
335,10/25/2017,3:00,2
335,10/25/2017,4:00,1
335,10/25/2017,5:00,1
335,10/25/2017,6:00,1
335,10/25/2017,7:00,-1
335,10/25/2017,8:00,0
335,10/25/2017,9:00,0
335,10/25/2017,10:00,0
335,10/25/2017,11:00,-1
335,10/25/2017,12:00,0
335,10/25/2017,13:00,-1
335,10/25/2017,14:00,-1
335,10/25/2017,15:00,0
335,10/25/2017,16:00,1
335,10/25/2017,17:00,1
335,10/25/2017,18:00,1
335,10/25/2017,19:00,1
335,10/25/2017,20:00,1
335,10/25/2017,21:00,1
335,10/25/2017,22:00,2
335,10/25/2017,23:00,1
335,10/26/2017,0:00,1
335,10/26/2017,1:00,2
335,10/26/2017,2:00,1
335,10/26/2017,3:00,1
335,10/26/2017,4:00,1
335,10/26/2017,5:00,1
335,10/26/2017,6:00,1
335,10/26/2017,7:00,0
335,10/26/2017,8:00,0
335,10/26/2017,9:00,0
335,10/26/2017,10:00,0
335,10/26/2017,11:00,1
335,10/26/2017,12:00,1
335,10/26/2017,13:00,1
335,10/26/2017,14:00,1
335,10/26/2017,15:00,1
335,10/26/2017,16:00,1
335,10/26/2017,17:00,1
335,10/26/2017,18:00,1
335,10/26/2017,19:00,0
335,10/26/2017,20:00,-1
335,10/26/2017,21:00,1
335,10/26/2017,22:00,2
335,10/26/2017,23:00,1
335,10/27/2017,0:00,2
335,10/27/2017,1:00,1
335,10/27/2017,2:00,1
335,10/27/2017,3:00,1
335,10/27/2017,4:00,1
335,10/27/2017,5:00,1
335,10/27/2017,6:00,2
335,10/27/2017,7:00,-1
335,10/27/2017,8:00,1
335,10/27/2017,9:00,0
335,10/27/2017,10:00,1
335,10/27/2017,11:00,0
335,10/27/2017,12:00,0
335,10/27/2017,13:00,0
335,10/27/2017,14:00,0
335,10/27/2017,15:00,1
335,10/27/2017,16:00,1
335,10/27/2017,17:00,1
335,10/27/2017,18:00,1
335,10/27/2017,19:00,1
335,10/27/2017,20:00,2
335,10/27/2017,21:00,1
335,10/27/2017,22:00,1
335,10/27/2017,23:00,2
335,10/28/2017,0:00,1
335,10/28/2017,1:00,1
335,10/28/2017,2:00,1
335,10/28/2017,3:00,1
335,10/28/2017,4:00,1
335,10/28/2017,5:00,1
335,10/28/2017,6:00,2
335,10/28/2017,7:00,1
335,10/28/2017,8:00,1
335,10/28/2017,9:00,1
335,10/28/2017,10:00,1
335,10/28/2017,11:00,1
335,10/28/2017,12:00,1
335,10/28/2017,13:00,1
335,10/28/2017,14:00,1
335,10/28/2017,15:00,1
335,10/28/2017,16:00,1
335,10/28/2017,17:00,1
335,10/28/2017,18:00,1
335,10/28/2017,19:00,1
335,10/28/2017,20:00,1
335,10/28/2017,21:00,1
335,10/28/2017,22:00,1
335,10/28/2017,23:00,1
335,10/29/2017,0:00,1
335,10/29/2017,1:00,1
335,10/29/2017,2:00,1
335,10/29/2017,3:00,1
335,10/29/2017,4:00,0
335,10/29/2017,5:00,1
335,10/29/2017,6:00,-1
335,10/29/2017,7:00,-1
335,10/29/2017,8:00,-99.9
335,10/29/2017,9:00,1
335,10/29/2017,10:00,1
335,10/29/2017,11:00,0
335,10/29/2017,12:00,0
335,10/29/2017,13:00,0
335,10/29/2017,14:00,-1
335,10/29/2017,15:00,0
335,10/29/2017,16:00,1
335,10/29/2017,17:00,1
335,10/29/2017,18:00,2
335,10/29/2017,19:00,1
335,10/29/2017,20:00,1
335,10/29/2017,21:00,1
335,10/29/2017,22:00,1
335,10/29/2017,23:00,2
335,10/30/2017,0:00,1
335,10/30/2017,1:00,1
335,10/30/2017,2:00,1
335,10/30/2017,3:00,2
335,10/30/2017,4:00,1
335,10/30/2017,5:00,2
335,10/30/2017,6:00,2
335,10/30/2017,7:00,1
335,10/30/2017,8:00,1
335,10/30/2017,9:00,1
335,10/30/2017,10:00,1
335,10/30/2017,11:00,1
335,10/30/2017,12:00,1
335,10/30/2017,13:00,1
335,10/30/2017,14:00,1
335,10/30/2017,15:00,1
335,10/30/2017,16:00,2
335,10/30/2017,17:00,2
335,10/30/2017,18:00,1
335,10/30/2017,19:00,2
335,10/30/2017,20:00,2
335,10/30/2017,21:00,1
335,10/30/2017,22:00,1
335,10/30/2017,23:00,1
335,10/31/2017,0:00,2
335,10/31/2017,1:00,2
335,10/31/2017,2:00,2
335,10/31/2017,3:00,-99.9
335,10/31/2017,4:00,2
335,10/31/2017,5:00,1
335,10/31/2017,6:00,2
335,10/31/2017,7:00,2
335,10/31/2017,8:00,2
335,10/31/2017,9:00,0
335,10/31/2017,10:00,0
335,10/31/2017,11:00,0
335,10/31/2017,12:00,0
335,10/31/2017,13:00,0
335,10/31/2017,14:00,1
335,10/31/2017,15:00,1
335,10/31/2017,16:00,1
335,10/31/2017,17:00,2
335,10/31/2017,18:00,2
335,10/31/2017,19:00,2
335,10/31/2017,20:00,1
335,10/31/2017,21:00,2
335,10/31/2017,22:00,1
335,10/31/2017,23:00,1
335,11/1/2017,0:00,2
335,11/1/2017,1:00,1
335,11/1/2017,2:00,1
335,11/1/2017,3:00,1
335,11/1/2017,4:00,1
335,11/1/2017,5:00,1
335,11/1/2017,6:00,2
335,11/1/2017,7:00,2
335,11/1/2017,8:00,1
335,11/1/2017,9:00,1
335,11/1/2017,10:00,1
335,11/1/2017,11:00,1
335,11/1/2017,12:00,1
335,11/1/2017,13:00,0
335,11/1/2017,14:00,1
335,11/1/2017,15:00,1
335,11/1/2017,16:00,1
335,11/1/2017,17:00,1
335,11/1/2017,18:00,2
335,11/1/2017,19:00,1
335,11/1/2017,20:00,1
335,11/1/2017,21:00,1
335,11/1/2017,22:00,1
335,11/1/2017,23:00,1
335,11/2/2017,0:00,1
335,11/2/2017,1:00,1
335,11/2/2017,2:00,1
335,11/2/2017,3:00,1
335,11/2/2017,4:00,2
335,11/2/2017,5:00,1
335,11/2/2017,6:00,1
335,11/2/2017,7:00,1
335,11/2/2017,8:00,0
335,11/2/2017,9:00,1
335,11/2/2017,10:00,0
335,11/2/2017,11:00,0
335,11/2/2017,12:00,0
335,11/2/2017,13:00,0
335,11/2/2017,14:00,0
335,11/2/2017,15:00,1
335,11/2/2017,16:00,1
335,11/2/2017,17:00,2
335,11/2/2017,18:00,1
335,11/2/2017,19:00,1
335,11/2/2017,20:00,1
335,11/2/2017,21:00,1
335,11/2/2017,22:00,1
335,11/2/2017,23:00,1
335,11/3/2017,0:00,1
335,11/3/2017,1:00,1
335,11/3/2017,2:00,2
335,11/3/2017,3:00,2
335,11/3/2017,4:00,1
335,11/3/2017,5:00,1
335,11/3/2017,6:00,2
335,11/3/2017,7:00,1
335,11/3/2017,8:00,0
335,11/3/2017,9:00,1
335,11/3/2017,10:00,1
335,11/3/2017,11:00,0
335,11/3/2017,12:00,0
335,11/3/2017,13:00,1
335,11/3/2017,14:00,0
335,11/3/2017,15:00,1
335,11/3/2017,16:00,1
335,11/3/2017,17:00,1
335,11/3/2017,18:00,1
335,11/3/2017,19:00,1
335,11/3/2017,20:00,1
335,11/3/2017,21:00,1
335,11/3/2017,22:00,1
335,11/3/2017,23:00,1
335,11/4/2017,0:00,1
335,11/4/2017,1:00,1
335,11/4/2017,2:00,1
335,11/4/2017,3:00,1
335,11/4/2017,4:00,1
335,11/4/2017,5:00,1
335,11/4/2017,6:00,1
335,11/4/2017,7:00,1
335,11/4/2017,8:00,0
335,11/4/2017,9:00,1
335,11/4/2017,10:00,1
335,11/4/2017,11:00,1
335,11/4/2017,12:00,1
335,11/4/2017,13:00,1
335,11/4/2017,14:00,1
335,11/4/2017,15:00,1
335,11/4/2017,16:00,1
335,11/4/2017,17:00,1
335,11/4/2017,18:00,1
335,11/4/2017,19:00,1
335,11/4/2017,20:00,1
335,11/4/2017,21:00,-1
335,11/4/2017,22:00,-99.9
335,11/4/2017,23:00,-99.9
335,11/5/2017,0:00,2
335,11/5/2017,1:00,2
335,11/5/2017,2:00,1
335,11/5/2017,3:00,-99.9
335,11/5/2017,4:00,-99.9
335,11/5/2017,5:00,-99.9
335,11/5/2017,6:00,3
335,11/5/2017,7:00,3
335,11/5/2017,8:00,-99.9
335,11/5/2017,9:00,2
335,11/5/2017,10:00,2
335,11/5/2017,11:00,2
335,11/5/2017,12:00,1
335,11/5/2017,13:00,2
335,11/5/2017,14:00,2
335,11/5/2017,15:00,3
335,11/5/2017,16:00,3
335,11/5/2017,17:00,3
335,11/5/2017,18:00,-99.9
335,11/5/2017,19:00,4
335,11/5/2017,20:00,4
335,11/5/2017,21:00,3
335,11/5/2017,22:00,3
335,11/5/2017,23:00,3
335,11/6/2017,0:00,3
335,11/6/2017,1:00,3
335,11/6/2017,2:00,3
335,11/6/2017,3:00,3
335,11/6/2017,4:00,2
335,11/6/2017,5:00,-99.9
335,11/6/2017,6:00,2
335,11/6/2017,7:00,3
335,11/6/2017,8:00,1
335,11/6/2017,9:00,2
335,11/6/2017,10:00,2
335,11/6/2017,11:00,2
335,11/6/2017,12:00,1
335,11/6/2017,13:00,2
335,11/6/2017,14:00,2
335,11/6/2017,15:00,1
335,11/6/2017,16:00,-99.9
335,11/6/2017,17:00,-99.9
335,11/6/2017,18:00,-99.9
335,11/6/2017,19:00,-99.9
335,11/6/2017,20:00,-99.9
335,11/6/2017,21:00,5
335,11/6/2017,22:00,5
335,11/6/2017,23:00,4
335,11/7/2017,0:00,5
335,11/7/2017,1:00,5
335,11/7/2017,2:00,5
335,11/7/2017,3:00,5
335,11/7/2017,4:00,5
335,11/7/2017,5:00,-99.9
335,11/7/2017,6:00,-99.9
335,11/7/2017,7:00,-99.9
335,11/7/2017,8:00,-99.9
335,11/7/2017,9:00,4
335,11/7/2017,10:00,5
335,11/7/2017,11:00,3
335,11/7/2017,12:00,3
335,11/7/2017,13:00,3
335,11/7/2017,14:00,3
335,11/7/2017,15:00,4
335,11/7/2017,16:00,5
335,11/7/2017,17:00,4
335,11/7/2017,18:00,5
335,11/7/2017,19:00,-99.9
335,11/7/2017,20:00,-99.9
335,11/7/2017,21:00,7
335,11/7/2017,22:00,6
335,11/7/2017,23:00,6
335,11/8/2017,0:00,6
335,11/8/2017,1:00,-99.9
335,11/8/2017,2:00,-99.9
335,11/8/2017,3:00,6
335,11/8/2017,4:00,5
335,11/8/2017,5:00,6
335,11/8/2017,6:00,6
335,11/8/2017,7:00,4
335,11/8/2017,8:00,4
335,11/8/2017,9:00,4
335,11/8/2017,10:00,5
335,11/8/2017,11:00,-99.9
335,11/8/2017,12:00,3
335,11/8/2017,13:00,3
335,11/8/2017,14:00,2
335,11/8/2017,15:00,5
335,11/8/2017,16:00,5
335,11/8/2017,17:00,4
335,11/8/2017,18:00,5
335,11/8/2017,19:00,5
335,11/8/2017,20:00,5
335,11/8/2017,21:00,5
335,11/8/2017,22:00,5
335,11/8/2017,23:00,5
335,11/9/2017,0:00,4
335,11/9/2017,1:00,5
335,11/9/2017,2:00,5
335,11/9/2017,3:00,5
335,11/9/2017,4:00,5
335,11/9/2017,5:00,5
335,11/9/2017,6:00,5
335,11/9/2017,7:00,5
335,11/9/2017,8:00,3
335,11/9/2017,9:00,4
335,11/9/2017,10:00,3
335,11/9/2017,11:00,2
335,11/9/2017,12:00,3
335,11/9/2017,13:00,2
335,11/9/2017,14:00,2
335,11/9/2017,15:00,4
335,11/9/2017,16:00,3
335,11/9/2017,17:00,3
335,11/9/2017,18:00,3
335,11/9/2017,19:00,4
335,11/9/2017,20:00,4
335,11/9/2017,21:00,4
335,11/9/2017,22:00,4
335,11/9/2017,23:00,5
335,11/10/2017,0:00,5
335,11/10/2017,1:00,5
335,11/10/2017,2:00,4
335,11/10/2017,3:00,4
335,11/10/2017,4:00,5
335,11/10/2017,5:00,5
335,11/10/2017,6:00,4
335,11/10/2017,7:00,4
335,11/10/2017,8:00,4
335,11/10/2017,9:00,3
335,11/10/2017,10:00,2
335,11/10/2017,11:00,3
335,11/10/2017,12:00,3
335,11/10/2017,13:00,3
335,11/10/2017,14:00,3
335,11/10/2017,15:00,3
335,11/10/2017,16:00,4
335,11/10/2017,17:00,4
335,11/10/2017,18:00,4
335,11/10/2017,19:00,5
335,11/10/2017,20:00,4
335,11/10/2017,21:00,4
335,11/10/2017,22:00,4
335,11/10/2017,23:00,4
335,11/11/2017,0:00,5
335,11/11/2017,1:00,4
335,11/11/2017,2:00,4
335,11/11/2017,3:00,4
335,11/11/2017,4:00,4
335,11/11/2017,5:00,4
335,11/11/2017,6:00,4
335,11/11/2017,7:00,4
335,11/11/2017,8:00,3
335,11/11/2017,9:00,3
335,11/11/2017,10:00,3
335,11/11/2017,11:00,2
335,11/11/2017,12:00,3
335,11/11/2017,13:00,3
335,11/11/2017,14:00,2
335,11/11/2017,15:00,4
335,11/11/2017,16:00,4
335,11/11/2017,17:00,4
335,11/11/2017,18:00,4
335,11/11/2017,19:00,5
335,11/11/2017,20:00,5
335,11/11/2017,21:00,5
335,11/11/2017,22:00,5
335,11/11/2017,23:00,5
335,11/12/2017,0:00,5
335,11/12/2017,1:00,4
335,11/12/2017,2:00,4
335,11/12/2017,3:00,4
335,11/12/2017,4:00,4
335,11/12/2017,5:00,4
335,11/12/2017,6:00,4
335,11/12/2017,7:00,4
335,11/12/2017,8:00,3
335,11/12/2017,9:00,3
335,11/12/2017,10:00,3
335,11/12/2017,11:00,2
335,11/12/2017,12:00,-99.9
335,11/12/2017,13:00,2
335,11/12/2017,14:00,3
335,11/12/2017,15:00,4
335,11/12/2017,16:00,4
335,11/12/2017,17:00,4
335,11/12/2017,18:00,5
335,11/12/2017,19:00,-99.9
335,11/12/2017,20:00,-99.9
335,11/12/2017,21:00,5
335,11/12/2017,22:00,4
335,11/12/2017,23:00,4
335,11/13/2017,0:00,4
335,11/13/2017,1:00,5
335,11/13/2017,2:00,4
335,11/13/2017,3:00,5
335,11/13/2017,4:00,4
335,11/13/2017,5:00,4
335,11/13/2017,6:00,4
335,11/13/2017,7:00,4
335,11/13/2017,8:00,3
335,11/13/2017,9:00,3
335,11/13/2017,10:00,3
335,11/13/2017,11:00,2
335,11/13/2017,12:00,2
335,11/13/2017,13:00,2
335,11/13/2017,14:00,2
335,11/13/2017,15:00,3
335,11/13/2017,16:00,3
335,11/13/2017,17:00,4
335,11/13/2017,18:00,4
335,11/13/2017,19:00,4
335,11/13/2017,20:00,3
335,11/13/2017,21:00,4
335,11/13/2017,22:00,4
335,11/13/2017,23:00,3
335,11/14/2017,0:00,4
335,11/14/2017,1:00,5
335,11/14/2017,2:00,4
335,11/14/2017,3:00,4
335,11/14/2017,4:00,3
335,11/14/2017,5:00,4
335,11/14/2017,6:00,4
335,11/14/2017,7:00,3
335,11/14/2017,8:00,2
335,11/14/2017,9:00,3
335,11/14/2017,10:00,2
335,11/14/2017,11:00,2
335,11/14/2017,12:00,2
335,11/14/2017,13:00,2
335,11/14/2017,14:00,2
335,11/14/2017,15:00,3
335,11/14/2017,16:00,2
335,11/14/2017,17:00,2
335,11/14/2017,18:00,2
335,11/14/2017,19:00,3
335,11/14/2017,20:00,3
335,11/14/2017,21:00,3
335,11/14/2017,22:00,3
335,11/14/2017,23:00,2
335,11/15/2017,0:00,3
335,11/15/2017,1:00,2
335,11/15/2017,2:00,3
335,11/15/2017,3:00,3
335,11/15/2017,4:00,3
335,11/15/2017,5:00,3
335,11/15/2017,6:00,4
335,11/15/2017,7:00,3
335,11/15/2017,8:00,2
335,11/15/2017,9:00,1
335,11/15/2017,10:00,2
335,11/15/2017,11:00,2
335,11/15/2017,12:00,1
335,11/15/2017,13:00,1
335,11/15/2017,14:00,2
335,11/15/2017,15:00,3
335,11/15/2017,16:00,3
335,11/15/2017,17:00,3
335,11/15/2017,18:00,3
335,11/15/2017,19:00,3
335,11/15/2017,20:00,3
335,11/15/2017,21:00,3
335,11/15/2017,22:00,3
335,11/15/2017,23:00,3
335,11/16/2017,0:00,3
335,11/16/2017,1:00,3
335,11/16/2017,2:00,4
335,11/16/2017,3:00,3
335,11/16/2017,4:00,3
335,11/16/2017,5:00,3
335,11/16/2017,6:00,3
335,11/16/2017,7:00,3
335,11/16/2017,8:00,2
335,11/16/2017,9:00,3
335,11/16/2017,10:00,2
335,11/16/2017,11:00,2
335,11/16/2017,12:00,2
335,11/16/2017,13:00,2
335,11/16/2017,14:00,2
335,11/16/2017,15:00,3
335,11/16/2017,16:00,3
335,11/16/2017,17:00,3
335,11/16/2017,18:00,3
335,11/16/2017,19:00,3
335,11/16/2017,20:00,3
335,11/16/2017,21:00,3
335,11/16/2017,22:00,3
335,11/16/2017,23:00,3
335,11/17/2017,0:00,3
335,11/17/2017,1:00,3
335,11/17/2017,2:00,3
335,11/17/2017,3:00,3
335,11/17/2017,4:00,3
335,11/17/2017,5:00,3
335,11/17/2017,6:00,3
335,11/17/2017,7:00,2
335,11/17/2017,8:00,3
335,11/17/2017,9:00,-99.9
335,11/17/2017,10:00,-99.9
335,11/17/2017,11:00,-99.9
335,11/17/2017,12:00,-99.9
335,11/17/2017,13:00,7
335,11/17/2017,14:00,7
335,11/17/2017,15:00,6
335,11/17/2017,16:00,-99.9
335,11/17/2017,17:00,-99.9
335,11/17/2017,18:00,-99.9
335,11/17/2017,19:00,12
335,11/17/2017,20:00,-99.9
335,11/17/2017,21:00,14
335,11/17/2017,22:00,-99.9
335,11/17/2017,23:00,13
335,11/18/2017,0:00,14
335,11/18/2017,1:00,14
335,11/18/2017,2:00,14
335,11/18/2017,3:00,14
335,11/18/2017,4:00,14
335,11/18/2017,5:00,14
335,11/18/2017,6:00,14
335,11/18/2017,7:00,14
335,11/18/2017,8:00,14
335,11/18/2017,9:00,13
335,11/18/2017,10:00,12
335,11/18/2017,11:00,12
335,11/18/2017,12:00,11
335,11/18/2017,13:00,11
335,11/18/2017,14:00,11
335,11/18/2017,15:00,13
335,11/18/2017,16:00,13
335,11/18/2017,17:00,13
335,11/18/2017,18:00,13
335,11/18/2017,19:00,13
335,11/18/2017,20:00,13
335,11/18/2017,21:00,13
335,11/18/2017,22:00,14
335,11/18/2017,23:00,12
335,11/19/2017,0:00,13
335,11/19/2017,1:00,12
335,11/19/2017,2:00,13
335,11/19/2017,3:00,12
335,11/19/2017,4:00,12
335,11/19/2017,5:00,12
335,11/19/2017,6:00,12
335,11/19/2017,7:00,11
335,11/19/2017,8:00,11
335,11/19/2017,9:00,10
335,11/19/2017,10:00,10
335,11/19/2017,11:00,9
335,11/19/2017,12:00,10
335,11/19/2017,13:00,9
335,11/19/2017,14:00,10
335,11/19/2017,15:00,11
335,11/19/2017,16:00,11
335,11/19/2017,17:00,11
335,11/19/2017,18:00,12
335,11/19/2017,19:00,11
335,11/19/2017,20:00,11
335,11/19/2017,21:00,11
335,11/19/2017,22:00,11
335,11/19/2017,23:00,11
335,11/20/2017,0:00,11
335,11/20/2017,1:00,11
335,11/20/2017,2:00,10
335,11/20/2017,3:00,12
335,11/20/2017,4:00,10
335,11/20/2017,5:00,11
335,11/20/2017,6:00,11
335,11/20/2017,7:00,12
335,11/20/2017,8:00,10
335,11/20/2017,9:00,9
335,11/20/2017,10:00,9
335,11/20/2017,11:00,8
335,11/20/2017,12:00,8
335,11/20/2017,13:00,8
335,11/20/2017,14:00,9
335,11/20/2017,15:00,10
335,11/20/2017,16:00,11
335,11/20/2017,17:00,10
335,11/20/2017,18:00,10
335,11/20/2017,19:00,10
335,11/20/2017,20:00,10
335,11/20/2017,21:00,11
335,11/20/2017,22:00,10
335,11/20/2017,23:00,10
335,11/21/2017,0:00,10
335,11/21/2017,1:00,10
335,11/21/2017,2:00,10
335,11/21/2017,3:00,10
335,11/21/2017,4:00,11
335,11/21/2017,5:00,10
335,11/21/2017,6:00,10
335,11/21/2017,7:00,11
335,11/21/2017,8:00,11
335,11/21/2017,9:00,-99.9
335,11/21/2017,10:00,-99.9
335,11/21/2017,11:00,7
335,11/21/2017,12:00,11
335,11/21/2017,13:00,11
335,11/21/2017,14:00,11
335,11/21/2017,15:00,11
335,11/21/2017,16:00,12
335,11/21/2017,17:00,12
335,11/21/2017,18:00,12
335,11/21/2017,19:00,12
335,11/21/2017,20:00,12
335,11/21/2017,21:00,12
335,11/21/2017,22:00,12
335,11/21/2017,23:00,12
335,11/22/2017,0:00,12
335,11/22/2017,1:00,11
335,11/22/2017,2:00,11
335,11/22/2017,3:00,11
335,11/22/2017,4:00,11
335,11/22/2017,5:00,11
335,11/22/2017,6:00,11
335,11/22/2017,7:00,11
335,11/22/2017,8:00,11
335,11/22/2017,9:00,11
335,11/22/2017,10:00,11
335,11/22/2017,11:00,11
335,11/22/2017,12:00,10
335,11/22/2017,13:00,11
335,11/22/2017,14:00,11
335,11/22/2017,15:00,11
335,11/22/2017,16:00,11
335,11/22/2017,17:00,11
335,11/22/2017,18:00,11
335,11/22/2017,19:00,11
335,11/22/2017,20:00,11
335,11/22/2017,21:00,11
335,11/22/2017,22:00,11
335,11/22/2017,23:00,11
335,11/23/2017,0:00,11
335,11/23/2017,1:00,11
335,11/23/2017,2:00,11
335,11/23/2017,3:00,11
335,11/23/2017,4:00,11
335,11/23/2017,5:00,11
335,11/23/2017,6:00,11
335,11/23/2017,7:00,11
335,11/23/2017,8:00,10
335,11/23/2017,9:00,10
335,11/23/2017,10:00,9
335,11/23/2017,11:00,9
335,11/23/2017,12:00,9
335,11/23/2017,13:00,9
335,11/23/2017,14:00,9
335,11/23/2017,15:00,10
335,11/23/2017,16:00,10
335,11/23/2017,17:00,11
335,11/23/2017,18:00,10
335,11/23/2017,19:00,11
335,11/23/2017,20:00,10
335,11/23/2017,21:00,11
335,11/23/2017,22:00,10
335,11/23/2017,23:00,10
335,11/24/2017,0:00,10
335,11/24/2017,1:00,11
335,11/24/2017,2:00,11
335,11/24/2017,3:00,11
335,11/24/2017,4:00,10
335,11/24/2017,5:00,10
335,11/24/2017,6:00,10
335,11/24/2017,7:00,10
335,11/24/2017,8:00,10
335,11/24/2017,9:00,9
335,11/24/2017,10:00,10
335,11/24/2017,11:00,8
335,11/24/2017,12:00,9
335,11/24/2017,13:00,10
335,11/24/2017,14:00,10
335,11/24/2017,15:00,9
335,11/24/2017,16:00,10
335,11/24/2017,17:00,-99.9
335,11/24/2017,18:00,-99.9
335,11/24/2017,19:00,-99.9
335,11/24/2017,20:00,-99.9
335,11/24/2017,21:00,-99.9
335,11/24/2017,22:00,-99.9
335,11/24/2017,23:00,-99.9
335,11/25/2017,0:00,11
335,11/25/2017,1:00,-99.9
335,11/25/2017,2:00,-99.9
335,11/25/2017,3:00,-99.9
335,11/25/2017,4:00,-99.9
335,11/25/2017,5:00,-99.9
335,11/25/2017,6:00,-99.9
335,11/25/2017,7:00,-99.9
335,11/25/2017,8:00,9
335,11/25/2017,9:00,10
335,11/25/2017,10:00,9
335,11/25/2017,11:00,9
335,11/25/2017,12:00,9
335,11/25/2017,13:00,9
335,11/25/2017,14:00,10
335,11/25/2017,15:00,11
335,11/25/2017,16:00,11
335,11/25/2017,17:00,10
335,11/25/2017,18:00,11
335,11/25/2017,19:00,11
335,11/25/2017,20:00,11
335,11/25/2017,21:00,11
335,11/25/2017,22:00,11
335,11/25/2017,23:00,11
335,11/26/2017,0:00,11
335,11/26/2017,1:00,11
335,11/26/2017,2:00,11
335,11/26/2017,3:00,11
335,11/26/2017,4:00,11
335,11/26/2017,5:00,11
335,11/26/2017,6:00,11
335,11/26/2017,7:00,11
335,11/26/2017,8:00,10
335,11/26/2017,9:00,10
335,11/26/2017,10:00,-99.9
335,11/26/2017,11:00,8
335,11/26/2017,12:00,9
335,11/26/2017,13:00,8
335,11/26/2017,14:00,10
335,11/26/2017,15:00,10
335,11/26/2017,16:00,10
335,11/26/2017,17:00,10
335,11/26/2017,18:00,11
335,11/26/2017,19:00,10
335,11/26/2017,20:00,10
335,11/26/2017,21:00,10
335,11/26/2017,22:00,10
335,11/26/2017,23:00,10
335,11/27/2017,0:00,11
335,11/27/2017,1:00,11
335,11/27/2017,2:00,10
335,11/27/2017,3:00,10
335,11/27/2017,4:00,10
335,11/27/2017,5:00,10
335,11/27/2017,6:00,10
335,11/27/2017,7:00,11
335,11/27/2017,8:00,-99.9
335,11/27/2017,9:00,9
335,11/27/2017,10:00,9
335,11/27/2017,11:00,9
335,11/27/2017,12:00,9
335,11/27/2017,13:00,9
335,11/27/2017,14:00,9
335,11/27/2017,15:00,10
335,11/27/2017,16:00,10
335,11/27/2017,17:00,10
335,11/27/2017,18:00,10
335,11/27/2017,19:00,10
335,11/27/2017,20:00,10
335,11/27/2017,21:00,10
335,11/27/2017,22:00,10
335,11/27/2017,23:00,10
335,11/28/2017,0:00,10
335,11/28/2017,1:00,10
335,11/28/2017,2:00,10
335,11/28/2017,3:00,11
335,11/28/2017,4:00,10
335,11/28/2017,5:00,11
335,11/28/2017,6:00,10
335,11/28/2017,7:00,10
335,11/28/2017,8:00,10
335,11/28/2017,9:00,10
335,11/28/2017,10:00,9
335,11/28/2017,11:00,9
335,11/28/2017,12:00,8
335,11/28/2017,13:00,8
335,11/28/2017,14:00,9
335,11/28/2017,15:00,10
335,11/28/2017,16:00,10
335,11/28/2017,17:00,10
335,11/28/2017,18:00,10
335,11/28/2017,19:00,10
335,11/28/2017,20:00,10
335,11/28/2017,21:00,10
335,11/28/2017,22:00,10
335,11/28/2017,23:00,10
335,11/29/2017,0:00,10
335,11/29/2017,1:00,10
335,11/29/2017,2:00,11
335,11/29/2017,3:00,11
335,11/29/2017,4:00,11
335,11/29/2017,5:00,10
335,11/29/2017,6:00,10
335,11/29/2017,7:00,11
335,11/29/2017,8:00,10
335,11/29/2017,9:00,-99.9
335,11/29/2017,10:00,9
335,11/29/2017,11:00,9
335,11/29/2017,12:00,9
335,11/29/2017,13:00,9
335,11/29/2017,14:00,9
335,11/29/2017,15:00,10
335,11/29/2017,16:00,10
335,11/29/2017,17:00,11
335,11/29/2017,18:00,10
335,11/29/2017,19:00,10
335,11/29/2017,20:00,11
335,11/29/2017,21:00,11
335,11/29/2017,22:00,10
335,11/29/2017,23:00,11
335,11/30/2017,0:00,10
335,11/30/2017,1:00,11
335,11/30/2017,2:00,10
335,11/30/2017,3:00,10
335,11/30/2017,4:00,11
335,11/30/2017,5:00,10
335,11/30/2017,6:00,11
335,11/30/2017,7:00,11
335,11/30/2017,8:00,9
335,11/30/2017,9:00,9
335,11/30/2017,10:00,9
335,11/30/2017,11:00,9
335,11/30/2017,12:00,8
335,11/30/2017,13:00,8
335,11/30/2017,14:00,9
335,11/30/2017,15:00,10
335,11/30/2017,16:00,10
335,11/30/2017,17:00,10
335,11/30/2017,18:00,10
335,11/30/2017,19:00,11
335,11/30/2017,20:00,10
335,11/30/2017,21:00,10
335,11/30/2017,22:00,11
335,11/30/2017,23:00,10
335,12/1/2017,0:00,10
335,12/1/2017,1:00,11
335,12/1/2017,2:00,10
335,12/1/2017,3:00,10
335,12/1/2017,4:00,10
335,12/1/2017,5:00,11
335,12/1/2017,6:00,10
335,12/1/2017,7:00,10
335,12/1/2017,8:00,10
335,12/1/2017,9:00,10
335,12/1/2017,10:00,9
335,12/1/2017,11:00,9
335,12/1/2017,12:00,9
335,12/1/2017,13:00,10
335,12/1/2017,14:00,10
335,12/1/2017,15:00,10
335,12/1/2017,16:00,10
335,12/1/2017,17:00,10
335,12/1/2017,18:00,11
335,12/1/2017,19:00,10
335,12/1/2017,20:00,10
335,12/1/2017,21:00,10
335,12/1/2017,22:00,10
335,12/1/2017,23:00,10
335,12/2/2017,0:00,10
335,12/2/2017,1:00,10
335,12/2/2017,2:00,11
335,12/2/2017,3:00,11
335,12/2/2017,4:00,10
335,12/2/2017,5:00,11
335,12/2/2017,6:00,11
335,12/2/2017,7:00,10
335,12/2/2017,8:00,9
335,12/2/2017,9:00,9
335,12/2/2017,10:00,9
335,12/2/2017,11:00,9
335,12/2/2017,12:00,9
335,12/2/2017,13:00,8
335,12/2/2017,14:00,9
335,12/2/2017,15:00,10
335,12/2/2017,16:00,10
335,12/2/2017,17:00,10
335,12/2/2017,18:00,10
335,12/2/2017,19:00,11
335,12/2/2017,20:00,10
335,12/2/2017,21:00,10
335,12/2/2017,22:00,10
335,12/2/2017,23:00,10
335,12/3/2017,0:00,10
335,12/3/2017,1:00,10
335,12/3/2017,2:00,10
335,12/3/2017,3:00,10
335,12/3/2017,4:00,10
335,12/3/2017,5:00,10
335,12/3/2017,6:00,11
335,12/3/2017,7:00,11
335,12/3/2017,8:00,9
335,12/3/2017,9:00,10
335,12/3/2017,10:00,9
335,12/3/2017,11:00,9
335,12/3/2017,12:00,9
335,12/3/2017,13:00,9
335,12/3/2017,14:00,10
335,12/3/2017,15:00,10
335,12/3/2017,16:00,10
335,12/3/2017,17:00,10
335,12/3/2017,18:00,10
335,12/3/2017,19:00,10
335,12/3/2017,20:00,-99.9
335,12/3/2017,21:00,10
335,12/3/2017,22:00,10
335,12/3/2017,23:00,-99.9
335,12/4/2017,0:00,10
335,12/4/2017,1:00,-99.9
335,12/4/2017,2:00,-99.9
335,12/4/2017,3:00,15
335,12/4/2017,4:00,15
335,12/4/2017,5:00,16
335,12/4/2017,6:00,16
335,12/4/2017,7:00,16
335,12/4/2017,8:00,15
335,12/4/2017,9:00,15
335,12/4/2017,10:00,14
335,12/4/2017,11:00,14
335,12/4/2017,12:00,14
335,12/4/2017,13:00,14
335,12/4/2017,14:00,14
335,12/4/2017,15:00,15
335,12/4/2017,16:00,15
335,12/4/2017,17:00,15
335,12/4/2017,18:00,14
335,12/4/2017,19:00,15
335,12/4/2017,20:00,15
335,12/4/2017,21:00,16
335,12/4/2017,22:00,-99.9
335,12/4/2017,23:00,16
335,12/5/2017,0:00,16
335,12/5/2017,1:00,16
335,12/5/2017,2:00,15
335,12/5/2017,3:00,16
335,12/5/2017,4:00,16
335,12/5/2017,5:00,16
335,12/5/2017,6:00,16
335,12/5/2017,7:00,16
335,12/5/2017,8:00,15
335,12/5/2017,9:00,15
335,12/5/2017,10:00,14
335,12/5/2017,11:00,13
335,12/5/2017,12:00,13
335,12/5/2017,13:00,13
335,12/5/2017,14:00,14
335,12/5/2017,15:00,15
335,12/5/2017,16:00,15
335,12/5/2017,17:00,15
335,12/5/2017,18:00,15
335,12/5/2017,19:00,15
335,12/5/2017,20:00,15
335,12/5/2017,21:00,15
335,12/5/2017,22:00,15
335,12/5/2017,23:00,15
335,12/6/2017,0:00,15
335,12/6/2017,1:00,15
335,12/6/2017,2:00,-99.9
335,12/6/2017,3:00,14
335,12/6/2017,4:00,-99.9
335,12/6/2017,5:00,15
335,12/6/2017,6:00,14
335,12/6/2017,7:00,15
335,12/6/2017,8:00,15
335,12/6/2017,9:00,15
335,12/6/2017,10:00,14
335,12/6/2017,11:00,15
335,12/6/2017,12:00,15
335,12/6/2017,13:00,15
335,12/6/2017,14:00,15
335,12/6/2017,15:00,-99.9
335,12/6/2017,16:00,15
335,12/6/2017,17:00,16
335,12/6/2017,18:00,16
335,12/6/2017,19:00,16
335,12/6/2017,20:00,15
335,12/6/2017,21:00,16
335,12/6/2017,22:00,16
335,12/6/2017,23:00,16
335,12/7/2017,0:00,16
335,12/7/2017,1:00,16
335,12/7/2017,2:00,16
335,12/7/2017,3:00,16
335,12/7/2017,4:00,16
335,12/7/2017,5:00,16
335,12/7/2017,6:00,16
335,12/7/2017,7:00,16
335,12/7/2017,8:00,16
335,12/7/2017,9:00,15
335,12/7/2017,10:00,15
335,12/7/2017,11:00,15
335,12/7/2017,12:00,15
335,12/7/2017,13:00,15
335,12/7/2017,14:00,15
335,12/7/2017,15:00,16
335,12/7/2017,16:00,16
335,12/7/2017,17:00,16
335,12/7/2017,18:00,17
335,12/7/2017,19:00,17
335,12/7/2017,20:00,17
335,12/7/2017,21:00,-99.9
335,12/7/2017,22:00,-99.9
335,12/7/2017,23:00,-99.9
335,12/8/2017,0:00,17
335,12/8/2017,1:00,-99.9
335,12/8/2017,2:00,-99.9
335,12/8/2017,3:00,-99.9
335,12/8/2017,4:00,-99.9
335,12/8/2017,5:00,-99.9
335,12/8/2017,6:00,-99.9
335,12/8/2017,7:00,-99.9
335,12/8/2017,8:00,16
335,12/8/2017,9:00,16
335,12/8/2017,10:00,16
335,12/8/2017,11:00,15
335,12/8/2017,12:00,14
335,12/8/2017,13:00,15
335,12/8/2017,14:00,16
335,12/8/2017,15:00,16
335,12/8/2017,16:00,16
335,12/8/2017,17:00,16
335,12/8/2017,18:00,16
335,12/8/2017,19:00,16
335,12/8/2017,20:00,17
335,12/8/2017,21:00,16
335,12/8/2017,22:00,16
335,12/8/2017,23:00,16
335,12/9/2017,0:00,17
335,12/9/2017,1:00,16
335,12/9/2017,2:00,16
335,12/9/2017,3:00,16
335,12/9/2017,4:00,16
335,12/9/2017,5:00,16
335,12/9/2017,6:00,16
335,12/9/2017,7:00,16
335,12/9/2017,8:00,15
335,12/9/2017,9:00,15
335,12/9/2017,10:00,15
335,12/9/2017,11:00,14
335,12/9/2017,12:00,14
335,12/9/2017,13:00,14
335,12/9/2017,14:00,15
335,12/9/2017,15:00,16
335,12/9/2017,16:00,16
335,12/9/2017,17:00,15
335,12/9/2017,18:00,16
335,12/9/2017,19:00,16
335,12/9/2017,20:00,16
335,12/9/2017,21:00,15
335,12/9/2017,22:00,17
335,12/9/2017,23:00,16
335,12/10/2017,0:00,16
335,12/10/2017,1:00,15
335,12/10/2017,2:00,15
335,12/10/2017,3:00,15
335,12/10/2017,4:00,16
335,12/10/2017,5:00,15
335,12/10/2017,6:00,16
335,12/10/2017,7:00,15
335,12/10/2017,8:00,14
335,12/10/2017,9:00,14
335,12/10/2017,10:00,14
335,12/10/2017,11:00,14
335,12/10/2017,12:00,13
335,12/10/2017,13:00,13
335,12/10/2017,14:00,15
335,12/10/2017,15:00,15
335,12/10/2017,16:00,15
335,12/10/2017,17:00,15
335,12/10/2017,18:00,16
335,12/10/2017,19:00,16
335,12/10/2017,20:00,16
335,12/10/2017,21:00,15
335,12/10/2017,22:00,15
335,12/10/2017,23:00,15
335,12/11/2017,0:00,15
335,12/11/2017,1:00,15
335,12/11/2017,2:00,15
335,12/11/2017,3:00,16
335,12/11/2017,4:00,15
335,12/11/2017,5:00,15
335,12/11/2017,6:00,15
335,12/11/2017,7:00,15
335,12/11/2017,8:00,14
335,12/11/2017,9:00,14
335,12/11/2017,10:00,14
335,12/11/2017,11:00,14
335,12/11/2017,12:00,14
335,12/11/2017,13:00,14
335,12/11/2017,14:00,15
335,12/11/2017,15:00,15
335,12/11/2017,16:00,15
335,12/11/2017,17:00,15
335,12/11/2017,18:00,16
335,12/11/2017,19:00,16
335,12/11/2017,20:00,16
335,12/11/2017,21:00,16
335,12/11/2017,22:00,15
335,12/11/2017,23:00,15
335,12/12/2017,0:00,15
335,12/12/2017,1:00,15
335,12/12/2017,2:00,16
335,12/12/2017,3:00,16
335,12/12/2017,4:00,15
335,12/12/2017,5:00,15
335,12/12/2017,6:00,15
335,12/12/2017,7:00,15
335,12/12/2017,8:00,14
335,12/12/2017,9:00,14
335,12/12/2017,10:00,14
335,12/12/2017,11:00,13
335,12/12/2017,12:00,14
335,12/12/2017,13:00,14
335,12/12/2017,14:00,15
335,12/12/2017,15:00,15
335,12/12/2017,16:00,15
335,12/12/2017,17:00,15
335,12/12/2017,18:00,15
335,12/12/2017,19:00,16
335,12/12/2017,20:00,15
335,12/12/2017,21:00,15
335,12/12/2017,22:00,15
335,12/12/2017,23:00,15
335,12/13/2017,0:00,16
335,12/13/2017,1:00,15
335,12/13/2017,2:00,15
335,12/13/2017,3:00,15
335,12/13/2017,4:00,16
335,12/13/2017,5:00,15
335,12/13/2017,6:00,15
335,12/13/2017,7:00,15
335,12/13/2017,8:00,15
335,12/13/2017,9:00,14
335,12/13/2017,10:00,14
335,12/13/2017,11:00,14
335,12/13/2017,12:00,13
335,12/13/2017,13:00,14
335,12/13/2017,14:00,15
335,12/13/2017,15:00,15
335,12/13/2017,16:00,15
335,12/13/2017,17:00,15
335,12/13/2017,18:00,15
335,12/13/2017,19:00,15
335,12/13/2017,20:00,15
335,12/13/2017,21:00,15
335,12/13/2017,22:00,15
335,12/13/2017,23:00,15
335,12/14/2017,0:00,16
335,12/14/2017,1:00,-99.9
335,12/14/2017,2:00,-99.9
335,12/14/2017,3:00,-99.9
335,12/14/2017,4:00,20
335,12/14/2017,5:00,20
335,12/14/2017,6:00,19
335,12/14/2017,7:00,-99.9
335,12/14/2017,8:00,-99.9
335,12/14/2017,9:00,19
335,12/14/2017,10:00,18
335,12/14/2017,11:00,19
335,12/14/2017,12:00,19
335,12/14/2017,13:00,19
335,12/14/2017,14:00,19
335,12/14/2017,15:00,20
335,12/14/2017,16:00,20
335,12/14/2017,17:00,20
335,12/14/2017,18:00,20
335,12/14/2017,19:00,19
335,12/14/2017,20:00,-99.9
335,12/14/2017,21:00,-99.9
335,12/14/2017,22:00,-99.9
335,12/14/2017,23:00,-99.9
335,12/15/2017,0:00,19
335,12/15/2017,1:00,-99.9
335,12/15/2017,2:00,-99.9
335,12/15/2017,3:00,-99.9
335,12/15/2017,4:00,-99.9
335,12/15/2017,5:00,-99.9
335,12/15/2017,6:00,19
335,12/15/2017,7:00,-99.9
335,12/15/2017,8:00,17
335,12/15/2017,9:00,18
335,12/15/2017,10:00,17
335,12/15/2017,11:00,17
335,12/15/2017,12:00,16
335,12/15/2017,13:00,16
335,12/15/2017,14:00,17
335,12/15/2017,15:00,18
335,12/15/2017,16:00,18
335,12/15/2017,17:00,18
335,12/15/2017,18:00,19
335,12/15/2017,19:00,18
335,12/15/2017,20:00,18
335,12/15/2017,21:00,18
335,12/15/2017,22:00,18
335,12/15/2017,23:00,18
335,12/16/2017,0:00,18
335,12/16/2017,1:00,18
335,12/16/2017,2:00,17
335,12/16/2017,3:00,18
335,12/16/2017,4:00,18
335,12/16/2017,5:00,18
335,12/16/2017,6:00,18
335,12/16/2017,7:00,17
335,12/16/2017,8:00,18
335,12/16/2017,9:00,18
335,12/16/2017,10:00,17
335,12/16/2017,11:00,17
335,12/16/2017,12:00,16
335,12/16/2017,13:00,16
335,12/16/2017,14:00,17
335,12/16/2017,15:00,17
335,12/16/2017,16:00,17
335,12/16/2017,17:00,17
335,12/16/2017,18:00,17
335,12/16/2017,19:00,17
335,12/16/2017,20:00,17
335,12/16/2017,21:00,18
335,12/16/2017,22:00,18
335,12/16/2017,23:00,17
335,12/17/2017,0:00,18
335,12/17/2017,1:00,17
335,12/17/2017,2:00,17
335,12/17/2017,3:00,17
335,12/17/2017,4:00,17
335,12/17/2017,5:00,17
335,12/17/2017,6:00,18
335,12/17/2017,7:00,18
335,12/17/2017,8:00,17
335,12/17/2017,9:00,17
335,12/17/2017,10:00,16
335,12/17/2017,11:00,16
335,12/17/2017,12:00,16
335,12/17/2017,13:00,15
335,12/17/2017,14:00,16
335,12/17/2017,15:00,17
335,12/17/2017,16:00,18
335,12/17/2017,17:00,17
335,12/17/2017,18:00,18
335,12/17/2017,19:00,17
335,12/17/2017,20:00,18
335,12/17/2017,21:00,18
335,12/17/2017,22:00,17
335,12/17/2017,23:00,17
335,12/18/2017,0:00,17
335,12/18/2017,1:00,17
335,12/18/2017,2:00,18
335,12/18/2017,3:00,17
335,12/18/2017,4:00,18
335,12/18/2017,5:00,17
335,12/18/2017,6:00,18
335,12/18/2017,7:00,18
335,12/18/2017,8:00,16
335,12/18/2017,9:00,17
335,12/18/2017,10:00,16
335,12/18/2017,11:00,16
335,12/18/2017,12:00,16
335,12/18/2017,13:00,16
335,12/18/2017,14:00,16
335,12/18/2017,15:00,17
335,12/18/2017,16:00,17
335,12/18/2017,17:00,17
335,12/18/2017,18:00,17
335,12/18/2017,19:00,17
335,12/18/2017,20:00,17
335,12/18/2017,21:00,17
335,12/18/2017,22:00,17
335,12/18/2017,23:00,17
335,12/19/2017,0:00,17
335,12/19/2017,1:00,17
335,12/19/2017,2:00,17
335,12/19/2017,3:00,17
335,12/19/2017,4:00,18
335,12/19/2017,5:00,17
335,12/19/2017,6:00,17
335,12/19/2017,7:00,17
335,12/19/2017,8:00,16
335,12/19/2017,9:00,16
335,12/19/2017,10:00,16
335,12/19/2017,11:00,15
335,12/19/2017,12:00,15
335,12/19/2017,13:00,15
335,12/19/2017,14:00,16
335,12/19/2017,15:00,17
335,12/19/2017,16:00,17
335,12/19/2017,17:00,17
335,12/19/2017,18:00,17
335,12/19/2017,19:00,17
335,12/19/2017,20:00,17
335,12/19/2017,21:00,17
335,12/19/2017,22:00,17
335,12/19/2017,23:00,16
335,12/20/2017,0:00,17
335,12/20/2017,1:00,17
335,12/20/2017,2:00,17
335,12/20/2017,3:00,17
335,12/20/2017,4:00,17
335,12/20/2017,5:00,17
335,12/20/2017,6:00,17
335,12/20/2017,7:00,17
335,12/20/2017,8:00,16
335,12/20/2017,9:00,16
335,12/20/2017,10:00,16
335,12/20/2017,11:00,15
335,12/20/2017,12:00,15
335,12/20/2017,13:00,15
335,12/20/2017,14:00,16
335,12/20/2017,15:00,16
335,12/20/2017,16:00,17
335,12/20/2017,17:00,17
335,12/20/2017,18:00,17
335,12/20/2017,19:00,17
335,12/20/2017,20:00,17
335,12/20/2017,21:00,17
335,12/20/2017,22:00,17
335,12/20/2017,23:00,17
335,12/21/2017,0:00,17
335,12/21/2017,1:00,17
335,12/21/2017,2:00,17
335,12/21/2017,3:00,17
335,12/21/2017,4:00,17
335,12/21/2017,5:00,18
335,12/21/2017,6:00,18
335,12/21/2017,7:00,18
335,12/21/2017,8:00,18
335,12/21/2017,9:00,18
335,12/21/2017,10:00,17
335,12/21/2017,11:00,17
335,12/21/2017,12:00,16
335,12/21/2017,13:00,17
335,12/21/2017,14:00,-99.9
335,12/21/2017,15:00,17
335,12/21/2017,16:00,-99.9
335,12/21/2017,17:00,-99.9
335,12/21/2017,18:00,19
335,12/21/2017,19:00,-99.9
335,12/21/2017,20:00,-99.9
335,12/21/2017,21:00,-99.9
335,12/21/2017,22:00,-99.9
335,12/21/2017,23:00,-99.9
335,12/22/2017,0:00,19
335,12/22/2017,1:00,19
335,12/22/2017,2:00,21
335,12/22/2017,3:00,21
335,12/22/2017,4:00,21
335,12/22/2017,5:00,21
335,12/22/2017,6:00,21
335,12/22/2017,7:00,21
335,12/22/2017,8:00,21
335,12/22/2017,9:00,20
335,12/22/2017,10:00,20
335,12/22/2017,11:00,19
335,12/22/2017,12:00,20
335,12/22/2017,13:00,19
335,12/22/2017,14:00,20
335,12/22/2017,15:00,20
335,12/22/2017,16:00,20
335,12/22/2017,17:00,20
335,12/22/2017,18:00,20
335,12/22/2017,19:00,20
335,12/22/2017,20:00,20
335,12/22/2017,21:00,20
335,12/22/2017,22:00,20
335,12/22/2017,23:00,20
335,12/23/2017,0:00,18
335,12/23/2017,1:00,20
335,12/23/2017,2:00,21
335,12/23/2017,3:00,20
335,12/23/2017,4:00,21
335,12/23/2017,5:00,21
335,12/23/2017,6:00,22
335,12/23/2017,7:00,22
335,12/23/2017,8:00,23
335,12/23/2017,9:00,22
335,12/23/2017,10:00,23
335,12/23/2017,11:00,23
335,12/23/2017,12:00,23
335,12/23/2017,13:00,24
335,12/23/2017,14:00,24
335,12/23/2017,15:00,25
335,12/23/2017,16:00,25
335,12/23/2017,17:00,25
335,12/23/2017,18:00,-99.9
335,12/23/2017,19:00,-99.9
335,12/23/2017,20:00,30
335,12/23/2017,21:00,-99.9
335,12/23/2017,22:00,31
335,12/23/2017,23:00,31
335,12/24/2017,0:00,31
335,12/24/2017,1:00,30
335,12/24/2017,2:00,31
335,12/24/2017,3:00,30
335,12/24/2017,4:00,30
335,12/24/2017,5:00,30
335,12/24/2017,6:00,30
335,12/24/2017,7:00,30
335,12/24/2017,8:00,29
335,12/24/2017,9:00,29
335,12/24/2017,10:00,28
335,12/24/2017,11:00,28
335,12/24/2017,12:00,28
335,12/24/2017,13:00,28
335,12/24/2017,14:00,28
335,12/24/2017,15:00,28
335,12/24/2017,16:00,28
335,12/24/2017,17:00,28
335,12/24/2017,18:00,28
335,12/24/2017,19:00,28
335,12/24/2017,20:00,28
335,12/24/2017,21:00,28
335,12/24/2017,22:00,26
335,12/24/2017,23:00,-99.9
335,12/25/2017,0:00,27
335,12/25/2017,1:00,-99.9
335,12/25/2017,2:00,-99.9
335,12/25/2017,3:00,-99.9
335,12/25/2017,4:00,-99.9
335,12/25/2017,5:00,-99.9
335,12/25/2017,6:00,-99.9
335,12/25/2017,7:00,-99.9
335,12/25/2017,8:00,-99.9
335,12/25/2017,9:00,-99.9
335,12/25/2017,10:00,-99.9
335,12/25/2017,11:00,-99.9
335,12/25/2017,12:00,40
335,12/25/2017,13:00,40
335,12/25/2017,14:00,40
335,12/25/2017,15:00,-99.9
335,12/25/2017,16:00,40
335,12/25/2017,17:00,39
335,12/25/2017,18:00,40
335,12/25/2017,19:00,40
335,12/25/2017,20:00,39
335,12/25/2017,21:00,38
335,12/25/2017,22:00,38
335,12/25/2017,23:00,38
335,12/26/2017,0:00,37
335,12/26/2017,1:00,-99.9
335,12/26/2017,2:00,36
335,12/26/2017,3:00,35
335,12/26/2017,4:00,35
335,12/26/2017,5:00,35
335,12/26/2017,6:00,34
335,12/26/2017,7:00,34
335,12/26/2017,8:00,34
335,12/26/2017,9:00,34
335,12/26/2017,10:00,33
335,12/26/2017,11:00,33
335,12/26/2017,12:00,33
335,12/26/2017,13:00,32
335,12/26/2017,14:00,33
335,12/26/2017,15:00,33
335,12/26/2017,16:00,33
335,12/26/2017,17:00,33
335,12/26/2017,18:00,33
335,12/26/2017,19:00,33
335,12/26/2017,20:00,33
335,12/26/2017,21:00,33
335,12/26/2017,22:00,33
335,12/26/2017,23:00,33
335,12/27/2017,0:00,32
335,12/27/2017,1:00,32
335,12/27/2017,2:00,33
335,12/27/2017,3:00,32
335,12/27/2017,4:00,33
335,12/27/2017,5:00,33
335,12/27/2017,6:00,32
335,12/27/2017,7:00,32
335,12/27/2017,8:00,32
335,12/27/2017,9:00,32
335,12/27/2017,10:00,31
335,12/27/2017,11:00,31
335,12/27/2017,12:00,31
335,12/27/2017,13:00,31
335,12/27/2017,14:00,31
335,12/27/2017,15:00,31
335,12/27/2017,16:00,31
335,12/27/2017,17:00,31
335,12/27/2017,18:00,31
335,12/27/2017,19:00,31
335,12/27/2017,20:00,31
335,12/27/2017,21:00,30
335,12/27/2017,22:00,30
335,12/27/2017,23:00,30
335,12/28/2017,0:00,30
335,12/28/2017,1:00,30
335,12/28/2017,2:00,30
335,12/28/2017,3:00,30
335,12/28/2017,4:00,29
335,12/28/2017,5:00,30
335,12/28/2017,6:00,30
335,12/28/2017,7:00,29
335,12/28/2017,8:00,29
335,12/28/2017,9:00,28
335,12/28/2017,10:00,28
335,12/28/2017,11:00,28
335,12/28/2017,12:00,27
335,12/28/2017,13:00,28
335,12/28/2017,14:00,27
335,12/28/2017,15:00,29
335,12/28/2017,16:00,29
335,12/28/2017,17:00,29
335,12/28/2017,18:00,29
335,12/28/2017,19:00,28
335,12/28/2017,20:00,28
335,12/28/2017,21:00,28
335,12/28/2017,22:00,29
335,12/28/2017,23:00,29
335,12/29/2017,0:00,29
335,12/29/2017,1:00,29
335,12/29/2017,2:00,28
335,12/29/2017,3:00,28
335,12/29/2017,4:00,28
335,12/29/2017,5:00,27
335,12/29/2017,6:00,28
335,12/29/2017,7:00,28
335,12/29/2017,8:00,27
335,12/29/2017,9:00,27
335,12/29/2017,10:00,27
335,12/29/2017,11:00,27
335,12/29/2017,12:00,26
335,12/29/2017,13:00,26
335,12/29/2017,14:00,26
335,12/29/2017,15:00,27
335,12/29/2017,16:00,27
335,12/29/2017,17:00,27
335,12/29/2017,18:00,27
335,12/29/2017,19:00,27
335,12/29/2017,20:00,27
335,12/29/2017,21:00,27
335,12/29/2017,22:00,27
335,12/29/2017,23:00,27
335,12/30/2017,0:00,27
335,12/30/2017,1:00,27
335,12/30/2017,2:00,27
335,12/30/2017,3:00,27
335,12/30/2017,4:00,27
335,12/30/2017,5:00,26
335,12/30/2017,6:00,26
335,12/30/2017,7:00,25
335,12/30/2017,8:00,25
335,12/30/2017,9:00,25
335,12/30/2017,10:00,24
335,12/30/2017,11:00,24
335,12/30/2017,12:00,23
335,12/30/2017,13:00,23
335,12/30/2017,14:00,23
335,12/30/2017,15:00,23
335,12/30/2017,16:00,23
335,12/30/2017,17:00,23
335,12/30/2017,18:00,23
335,12/30/2017,19:00,23
335,12/30/2017,20:00,23
335,12/30/2017,21:00,23
335,12/30/2017,22:00,23
335,12/30/2017,23:00,23
335,12/31/2017,0:00,23
335,12/31/2017,1:00,23
335,12/31/2017,2:00,23
335,12/31/2017,3:00,23
335,12/31/2017,4:00,23
335,12/31/2017,5:00,23
335,12/31/2017,6:00,22
335,12/31/2017,7:00,22
335,12/31/2017,8:00,-99.9
335,12/31/2017,9:00,23
335,12/31/2017,10:00,-99.9
335,12/31/2017,11:00,-99.9
335,12/31/2017,12:00,26
335,12/31/2017,13:00,-99.9
335,12/31/2017,14:00,-99.9
335,12/31/2017,15:00,-99.9
335,12/31/2017,16:00,-99.9
335,12/31/2017,17:00,-99.9
335,12/31/2017,18:00,-99.9
335,12/31/2017,19:00,-99.9
335,12/31/2017,20:00,-99.9
335,12/31/2017,21:00,-99.9
335,12/31/2017,22:00,-99.9
335,12/31/2017,23:00,-99.9
335,1/1/2018,0:00,25
335,1/1/2018,1:00,-99.9
335,1/1/2018,2:00,-99.9
335,1/1/2018,3:00,-99.9
335,1/1/2018,4:00,-99.9
335,1/1/2018,5:00,-99.9
335,1/1/2018,6:00,25
335,1/1/2018,7:00,-99.9
335,1/1/2018,8:00,22
335,1/1/2018,9:00,25
335,1/1/2018,10:00,25
335,1/1/2018,11:00,25
335,1/1/2018,12:00,25
335,1/1/2018,13:00,25
335,1/1/2018,14:00,25
335,1/1/2018,15:00,25
335,1/1/2018,16:00,26
335,1/1/2018,17:00,25
335,1/1/2018,18:00,26
335,1/1/2018,19:00,26
335,1/1/2018,20:00,26
335,1/1/2018,21:00,26
335,1/1/2018,22:00,26
335,1/1/2018,23:00,26
335,1/2/2018,0:00,25
335,1/2/2018,1:00,25
335,1/2/2018,2:00,26
335,1/2/2018,3:00,23
335,1/2/2018,4:00,26
335,1/2/2018,5:00,26
335,1/2/2018,6:00,26
335,1/2/2018,7:00,24
335,1/2/2018,8:00,24
335,1/2/2018,9:00,24
335,1/2/2018,10:00,24
335,1/2/2018,11:00,24
335,1/2/2018,12:00,24
335,1/2/2018,13:00,23
335,1/2/2018,14:00,24
335,1/2/2018,15:00,25
335,1/2/2018,16:00,25
335,1/2/2018,17:00,25
335,1/2/2018,18:00,25
335,1/2/2018,19:00,25
335,1/2/2018,20:00,25
335,1/2/2018,21:00,25
335,1/2/2018,22:00,25
335,1/2/2018,23:00,25
335,1/3/2018,0:00,25
335,1/3/2018,1:00,25
335,1/3/2018,2:00,24
335,1/3/2018,3:00,24
335,1/3/2018,4:00,25
335,1/3/2018,5:00,24
335,1/3/2018,6:00,25
335,1/3/2018,7:00,25
335,1/3/2018,8:00,24
335,1/3/2018,9:00,23
335,1/3/2018,10:00,23
335,1/3/2018,11:00,23
335,1/3/2018,12:00,23
335,1/3/2018,13:00,23
335,1/3/2018,14:00,23
335,1/3/2018,15:00,24
335,1/3/2018,16:00,24
335,1/3/2018,17:00,24
335,1/3/2018,18:00,24
335,1/3/2018,19:00,24
335,1/3/2018,20:00,24
335,1/3/2018,21:00,24
335,1/3/2018,22:00,25
335,1/3/2018,23:00,24
335,1/4/2018,0:00,24
335,1/4/2018,1:00,24
335,1/4/2018,2:00,24
335,1/4/2018,3:00,24
335,1/4/2018,4:00,24
335,1/4/2018,5:00,24
335,1/4/2018,6:00,24
335,1/4/2018,7:00,24
335,1/4/2018,8:00,24
335,1/4/2018,9:00,23
335,1/4/2018,10:00,23
335,1/4/2018,11:00,22
335,1/4/2018,12:00,22
335,1/4/2018,13:00,22
335,1/4/2018,14:00,22
335,1/4/2018,15:00,24
335,1/4/2018,16:00,24
335,1/4/2018,17:00,24
335,1/4/2018,18:00,24
335,1/4/2018,19:00,24
335,1/4/2018,20:00,24
335,1/4/2018,21:00,24
335,1/4/2018,22:00,24
335,1/4/2018,23:00,24
335,1/5/2018,0:00,24
335,1/5/2018,1:00,24
335,1/5/2018,2:00,24
335,1/5/2018,3:00,24
335,1/5/2018,4:00,24
335,1/5/2018,5:00,24
335,1/5/2018,6:00,24
335,1/5/2018,7:00,24
335,1/5/2018,8:00,23
335,1/5/2018,9:00,23
335,1/5/2018,10:00,23
335,1/5/2018,11:00,22
335,1/5/2018,12:00,22
335,1/5/2018,13:00,23
335,1/5/2018,14:00,23
335,1/5/2018,15:00,23
335,1/5/2018,16:00,23
335,1/5/2018,17:00,23
335,1/5/2018,18:00,24
335,1/5/2018,19:00,24
335,1/5/2018,20:00,23
335,1/5/2018,21:00,24
335,1/5/2018,22:00,24
335,1/5/2018,23:00,24
335,1/6/2018,0:00,24
335,1/6/2018,1:00,24
335,1/6/2018,2:00,24
335,1/6/2018,3:00,24
335,1/6/2018,4:00,24
335,1/6/2018,5:00,24
335,1/6/2018,6:00,24
335,1/6/2018,7:00,24
335,1/6/2018,8:00,23
335,1/6/2018,9:00,22
335,1/6/2018,10:00,22
335,1/6/2018,11:00,22
335,1/6/2018,12:00,23
335,1/6/2018,13:00,23
335,1/6/2018,14:00,23
335,1/6/2018,15:00,23
335,1/6/2018,16:00,23
335,1/6/2018,17:00,23
335,1/6/2018,18:00,-99.9
335,1/6/2018,19:00,-99.9
335,1/6/2018,20:00,-99.9
335,1/6/2018,21:00,-99.9
335,1/6/2018,22:00,-99.9
335,1/6/2018,23:00,26
335,1/7/2018,0:00,27
335,1/7/2018,1:00,-99.9
335,1/7/2018,2:00,-99.9
335,1/7/2018,3:00,29
335,1/7/2018,4:00,-99.9
335,1/7/2018,5:00,28
335,1/7/2018,6:00,-99.9
335,1/7/2018,7:00,-99.9
335,1/7/2018,8:00,-99.9
335,1/7/2018,9:00,29
335,1/7/2018,10:00,28
335,1/7/2018,11:00,27
335,1/7/2018,12:00,28
335,1/7/2018,13:00,29
335,1/7/2018,14:00,29
335,1/7/2018,15:00,29
335,1/7/2018,16:00,29
335,1/7/2018,17:00,29
335,1/7/2018,18:00,29
335,1/7/2018,19:00,29
335,1/7/2018,20:00,29
335,1/7/2018,21:00,29
335,1/7/2018,22:00,29
335,1/7/2018,23:00,29
335,1/8/2018,0:00,27
335,1/8/2018,1:00,29
335,1/8/2018,2:00,28
335,1/8/2018,3:00,28
335,1/8/2018,4:00,-99.9
335,1/8/2018,5:00,-99.9
335,1/8/2018,6:00,28
335,1/8/2018,7:00,-99.9
335,1/8/2018,8:00,27
335,1/8/2018,9:00,27
335,1/8/2018,10:00,28
335,1/8/2018,11:00,26
335,1/8/2018,12:00,-99.9
335,1/8/2018,13:00,27
335,1/8/2018,14:00,27
335,1/8/2018,15:00,28
335,1/8/2018,16:00,28
335,1/8/2018,17:00,28
335,1/8/2018,18:00,28
335,1/8/2018,19:00,27
335,1/8/2018,20:00,27
335,1/8/2018,21:00,28
335,1/8/2018,22:00,28
335,1/8/2018,23:00,28
335,1/9/2018,0:00,28
335,1/9/2018,1:00,28
335,1/9/2018,2:00,28
335,1/9/2018,3:00,27
335,1/9/2018,4:00,27
335,1/9/2018,5:00,27
335,1/9/2018,6:00,26
335,1/9/2018,7:00,27
335,1/9/2018,8:00,27
335,1/9/2018,9:00,27
335,1/9/2018,10:00,27
335,1/9/2018,11:00,26
335,1/9/2018,12:00,26
335,1/9/2018,13:00,25
335,1/9/2018,14:00,26
335,1/9/2018,15:00,27
335,1/9/2018,16:00,27
335,1/9/2018,17:00,27
335,1/9/2018,18:00,27
335,1/9/2018,19:00,26
335,1/9/2018,20:00,27
335,1/9/2018,21:00,27
335,1/9/2018,22:00,27
335,1/9/2018,23:00,27
335,1/10/2018,0:00,28
335,1/10/2018,1:00,27
335,1/10/2018,2:00,27
335,1/10/2018,3:00,27
335,1/10/2018,4:00,27
335,1/10/2018,5:00,27
335,1/10/2018,6:00,27
335,1/10/2018,7:00,27
335,1/10/2018,8:00,26
335,1/10/2018,9:00,26
335,1/10/2018,10:00,26
335,1/10/2018,11:00,25
335,1/10/2018,12:00,25
335,1/10/2018,13:00,26
335,1/10/2018,14:00,-99.9
335,1/10/2018,15:00,-99.9
335,1/10/2018,16:00,30
335,1/10/2018,17:00,-99.9
335,1/10/2018,18:00,30
335,1/10/2018,19:00,30
335,1/10/2018,20:00,29
335,1/10/2018,21:00,28
335,1/10/2018,22:00,-99.9
335,1/10/2018,23:00,30
335,1/11/2018,0:00,29
335,1/11/2018,1:00,-99.9
335,1/11/2018,2:00,30
335,1/11/2018,3:00,31
335,1/11/2018,4:00,31
335,1/11/2018,5:00,31
335,1/11/2018,6:00,31
335,1/11/2018,7:00,31
335,1/11/2018,8:00,29
335,1/11/2018,9:00,29
335,1/11/2018,10:00,30
335,1/11/2018,11:00,29
335,1/11/2018,12:00,29
335,1/11/2018,13:00,30
335,1/11/2018,14:00,30
335,1/11/2018,15:00,30
335,1/11/2018,16:00,30
335,1/11/2018,17:00,30
335,1/11/2018,18:00,31
335,1/11/2018,19:00,30
335,1/11/2018,20:00,30
335,1/11/2018,21:00,30
335,1/11/2018,22:00,30
335,1/11/2018,23:00,-99.9
335,1/12/2018,0:00,32
335,1/12/2018,1:00,-99.9
335,1/12/2018,2:00,-99.9
335,1/12/2018,3:00,-99.9
335,1/12/2018,4:00,31
335,1/12/2018,5:00,-99.9
335,1/12/2018,6:00,-99.9
335,1/12/2018,7:00,-99.9
335,1/12/2018,8:00,-99.9
335,1/12/2018,9:00,-99.9
335,1/12/2018,10:00,-99.9
335,1/12/2018,11:00,33
335,1/12/2018,12:00,-99.9
335,1/12/2018,13:00,36
335,1/12/2018,14:00,35
335,1/12/2018,15:00,34
335,1/12/2018,16:00,-99.9
335,1/12/2018,17:00,-99.9
335,1/12/2018,18:00,-99.9
335,1/12/2018,19:00,-99.9
335,1/12/2018,20:00,-99.9
335,1/12/2018,21:00,-99.9
335,1/12/2018,22:00,-99.9
335,1/12/2018,23:00,-99.9
335,1/13/2018,0:00,35
335,1/13/2018,1:00,-99.9
335,1/13/2018,2:00,-99.9
335,1/13/2018,3:00,-99.9
335,1/13/2018,4:00,-99.9
335,1/13/2018,5:00,-99.9
335,1/13/2018,6:00,-99.9
335,1/13/2018,7:00,-99.9
335,1/13/2018,8:00,-99.9
335,1/13/2018,9:00,-99.9
335,1/13/2018,10:00,-99.9
335,1/13/2018,11:00,-99.9
335,1/13/2018,12:00,35
335,1/13/2018,13:00,34
335,1/13/2018,14:00,-99.9
335,1/13/2018,15:00,-99.9
335,1/13/2018,16:00,36
335,1/13/2018,17:00,36
335,1/13/2018,18:00,-99.9
335,1/13/2018,19:00,-99.9
335,1/13/2018,20:00,-99.9
335,1/13/2018,21:00,-99.9
335,1/13/2018,22:00,-99.9
335,1/13/2018,23:00,36
335,1/14/2018,0:00,36
335,1/14/2018,1:00,36
335,1/14/2018,2:00,36
335,1/14/2018,3:00,36
335,1/14/2018,4:00,36
335,1/14/2018,5:00,36
335,1/14/2018,6:00,35
335,1/14/2018,7:00,35
335,1/14/2018,8:00,35
335,1/14/2018,9:00,34
335,1/14/2018,10:00,34
335,1/14/2018,11:00,33
335,1/14/2018,12:00,33
335,1/14/2018,13:00,33
335,1/14/2018,14:00,33
335,1/14/2018,15:00,34
335,1/14/2018,16:00,35
335,1/14/2018,17:00,34
335,1/14/2018,18:00,34
335,1/14/2018,19:00,34
335,1/14/2018,20:00,34
335,1/14/2018,21:00,34
335,1/14/2018,22:00,34
335,1/14/2018,23:00,34
335,1/15/2018,0:00,34
335,1/15/2018,1:00,33
335,1/15/2018,2:00,34
335,1/15/2018,3:00,34
335,1/15/2018,4:00,34
335,1/15/2018,5:00,34
335,1/15/2018,6:00,34
335,1/15/2018,7:00,34
335,1/15/2018,8:00,32
335,1/15/2018,9:00,33
335,1/15/2018,10:00,32
335,1/15/2018,11:00,-99.9
335,1/15/2018,12:00,33
335,1/15/2018,13:00,32
335,1/15/2018,14:00,33
335,1/15/2018,15:00,33
335,1/15/2018,16:00,33
335,1/15/2018,17:00,34
335,1/15/2018,18:00,34
335,1/15/2018,19:00,34
335,1/15/2018,20:00,34
335,1/15/2018,21:00,34
335,1/15/2018,22:00,33
335,1/15/2018,23:00,33
335,1/16/2018,0:00,34
335,1/16/2018,1:00,34
335,1/16/2018,2:00,34
335,1/16/2018,3:00,34
335,1/16/2018,4:00,33
335,1/16/2018,5:00,33
335,1/16/2018,6:00,33
335,1/16/2018,7:00,33
335,1/16/2018,8:00,32
335,1/16/2018,9:00,31
335,1/16/2018,10:00,32
335,1/16/2018,11:00,31
335,1/16/2018,12:00,31
335,1/16/2018,13:00,30
335,1/16/2018,14:00,31
335,1/16/2018,15:00,33
335,1/16/2018,16:00,32
335,1/16/2018,17:00,33
335,1/16/2018,18:00,33
335,1/16/2018,19:00,33
335,1/16/2018,20:00,32
335,1/16/2018,21:00,32
335,1/16/2018,22:00,32
335,1/16/2018,23:00,32
335,1/17/2018,0:00,32
335,1/17/2018,1:00,33
335,1/17/2018,2:00,32
335,1/17/2018,3:00,32
335,1/17/2018,4:00,32
335,1/17/2018,5:00,32
335,1/17/2018,6:00,33
335,1/17/2018,7:00,32
335,1/17/2018,8:00,31
335,1/17/2018,9:00,31
335,1/17/2018,10:00,31
335,1/17/2018,12:00,30
335,1/17/2018,13:00,30
335,1/17/2018,14:00,30
335,1/17/2018,15:00,32
335,1/17/2018,16:00,32
335,1/17/2018,17:00,32
335,1/17/2018,18:00,32
335,1/17/2018,19:00,32
335,1/17/2018,20:00,32
335,1/17/2018,21:00,32
335,1/17/2018,22:00,32
335,1/17/2018,23:00,32
335,1/18/2018,0:00,32
335,1/18/2018,1:00,32
335,1/18/2018,2:00,32
335,1/18/2018,3:00,31
335,1/18/2018,4:00,31
335,1/18/2018,5:00,31
335,1/18/2018,6:00,31
335,1/18/2018,7:00,32
335,1/18/2018,8:00,31
335,1/18/2018,9:00,30
335,1/18/2018,10:00,30
335,1/18/2018,11:00,30
335,1/18/2018,12:00,29
335,1/18/2018,13:00,30
335,1/18/2018,14:00,29
335,1/18/2018,15:00,31
335,1/18/2018,16:00,31
335,1/18/2018,17:00,31
335,1/18/2018,18:00,31
335,1/18/2018,19:00,31
335,1/18/2018,20:00,31
335,1/18/2018,21:00,31
335,1/18/2018,22:00,32
335,1/18/2018,23:00,32
335,1/19/2018,0:00,31
335,1/19/2018,1:00,30
335,1/19/2018,2:00,30
335,1/19/2018,3:00,31
335,1/19/2018,4:00,31
335,1/19/2018,5:00,31
335,1/19/2018,6:00,31
335,1/19/2018,7:00,31
335,1/19/2018,8:00,31
335,1/19/2018,9:00,30
335,1/19/2018,10:00,30
335,1/19/2018,11:00,-99.9
335,1/19/2018,12:00,28
335,1/19/2018,13:00,29
335,1/19/2018,14:00,28
335,1/19/2018,15:00,30
335,1/19/2018,16:00,30
335,1/19/2018,17:00,30
335,1/19/2018,18:00,30
335,1/19/2018,19:00,30
335,1/19/2018,20:00,30
335,1/19/2018,21:00,30
335,1/19/2018,22:00,29
335,1/19/2018,23:00,30
335,1/20/2018,0:00,30
335,1/20/2018,1:00,30
335,1/20/2018,2:00,30
335,1/20/2018,3:00,30
335,1/20/2018,4:00,30
335,1/20/2018,5:00,30
335,1/20/2018,6:00,30
335,1/20/2018,7:00,30
335,1/20/2018,8:00,28
335,1/20/2018,9:00,28
335,1/20/2018,10:00,29
335,1/20/2018,11:00,28
335,1/20/2018,12:00,28
335,1/20/2018,13:00,28
335,1/20/2018,14:00,29
335,1/20/2018,15:00,29
335,1/20/2018,16:00,29
335,1/20/2018,17:00,29
335,1/20/2018,18:00,29
335,1/20/2018,19:00,29
335,1/20/2018,20:00,29
335,1/20/2018,21:00,29
335,1/20/2018,22:00,29
335,1/20/2018,23:00,29
335,1/21/2018,0:00,30
335,1/21/2018,1:00,33
335,1/21/2018,2:00,-99.9
335,1/21/2018,3:00,35
335,1/21/2018,4:00,-99.9
335,1/21/2018,5:00,36
335,1/21/2018,6:00,-99.9
335,1/21/2018,7:00,37
335,1/21/2018,8:00,36
335,1/21/2018,9:00,36
335,1/21/2018,10:00,36
335,1/21/2018,11:00,37
335,1/21/2018,12:00,37
335,1/21/2018,13:00,37
335,1/21/2018,14:00,38
335,1/21/2018,15:00,38
335,1/21/2018,16:00,39
335,1/21/2018,17:00,39
335,1/21/2018,18:00,38
335,1/21/2018,19:00,39
335,1/21/2018,20:00,39
335,1/21/2018,21:00,39
335,1/21/2018,22:00,39
335,1/21/2018,23:00,39
335,1/22/2018,0:00,38
335,1/22/2018,1:00,-99.9
335,1/22/2018,2:00,39
335,1/22/2018,3:00,38
335,1/22/2018,4:00,38
335,1/22/2018,5:00,38
335,1/22/2018,6:00,38
335,1/22/2018,7:00,38
335,1/22/2018,8:00,38
335,1/22/2018,9:00,37
335,1/22/2018,10:00,37
335,1/22/2018,11:00,36
335,1/22/2018,12:00,36
335,1/22/2018,13:00,35
335,1/22/2018,14:00,35
335,1/22/2018,15:00,37
335,1/22/2018,16:00,37
335,1/22/2018,17:00,38
335,1/22/2018,18:00,37
335,1/22/2018,19:00,37
335,1/22/2018,20:00,37
335,1/22/2018,21:00,37
335,1/22/2018,22:00,37
335,1/22/2018,23:00,37
335,1/23/2018,0:00,37
335,1/23/2018,1:00,37
335,1/23/2018,2:00,37
335,1/23/2018,3:00,37
335,1/23/2018,4:00,37
335,1/23/2018,5:00,37
335,1/23/2018,6:00,37
335,1/23/2018,7:00,37
335,1/23/2018,8:00,37
335,1/23/2018,9:00,37
335,1/23/2018,10:00,36
335,1/23/2018,11:00,36
335,1/23/2018,12:00,36
335,1/23/2018,13:00,36
335,1/23/2018,14:00,35
335,1/23/2018,15:00,37
335,1/23/2018,16:00,37
335,1/23/2018,17:00,37
335,1/23/2018,18:00,37
335,1/23/2018,19:00,37
335,1/23/2018,20:00,37
335,1/23/2018,21:00,37
335,1/23/2018,22:00,37
335,1/23/2018,23:00,37
335,1/24/2018,0:00,37
335,1/24/2018,1:00,36
335,1/24/2018,2:00,36
335,1/24/2018,3:00,37
335,1/24/2018,4:00,37
335,1/24/2018,5:00,36
335,1/24/2018,6:00,36
335,1/24/2018,7:00,36
335,1/24/2018,8:00,35
335,1/24/2018,9:00,35
335,1/24/2018,10:00,35
335,1/24/2018,11:00,35
335,1/24/2018,12:00,35
335,1/24/2018,13:00,34
335,1/24/2018,14:00,34
335,1/24/2018,15:00,35
335,1/24/2018,16:00,36
335,1/24/2018,17:00,36
335,1/24/2018,18:00,36
335,1/24/2018,19:00,36
335,1/24/2018,20:00,36
335,1/24/2018,21:00,36
335,1/24/2018,22:00,36
335,1/24/2018,23:00,36
335,1/25/2018,0:00,35
335,1/25/2018,1:00,35
335,1/25/2018,2:00,35
335,1/25/2018,3:00,35
335,1/25/2018,4:00,35
335,1/25/2018,5:00,35
335,1/25/2018,6:00,35
335,1/25/2018,7:00,34
335,1/25/2018,8:00,34
335,1/25/2018,9:00,34
335,1/25/2018,10:00,34
335,1/25/2018,11:00,34
335,1/25/2018,12:00,33
335,1/25/2018,13:00,33
335,1/25/2018,14:00,33
335,1/25/2018,15:00,34
335,1/25/2018,16:00,34
335,1/25/2018,17:00,34
335,1/25/2018,18:00,34
335,1/25/2018,19:00,34
335,1/25/2018,20:00,35
335,1/25/2018,21:00,34
335,1/25/2018,22:00,34
335,1/25/2018,23:00,34
335,1/26/2018,0:00,34
335,1/26/2018,1:00,35
335,1/26/2018,2:00,36
335,1/26/2018,3:00,-99.9
335,1/26/2018,4:00,-99.9
335,1/26/2018,5:00,-99.9
335,1/26/2018,6:00,38
335,1/26/2018,7:00,38
335,1/26/2018,8:00,38
335,1/26/2018,9:00,37
335,1/26/2018,10:00,37
335,1/26/2018,11:00,37
335,1/26/2018,12:00,37
335,1/26/2018,13:00,37
335,1/26/2018,14:00,37
335,1/26/2018,15:00,37
335,1/26/2018,16:00,38
335,1/26/2018,17:00,38
335,1/26/2018,18:00,38
335,1/26/2018,19:00,38
335,1/26/2018,20:00,38
335,1/26/2018,21:00,38
335,1/26/2018,22:00,38
335,1/26/2018,23:00,38
335,1/27/2018,0:00,38
335,1/27/2018,1:00,38
335,1/27/2018,2:00,38
335,1/27/2018,3:00,37
335,1/27/2018,4:00,37
335,1/27/2018,5:00,37
335,1/27/2018,6:00,37
335,1/27/2018,7:00,37
335,1/27/2018,8:00,36
335,1/27/2018,9:00,36
335,1/27/2018,10:00,36
335,1/27/2018,11:00,36
335,1/27/2018,12:00,35
335,1/27/2018,13:00,36
335,1/27/2018,14:00,36
335,1/27/2018,15:00,36
335,1/27/2018,16:00,37
335,1/27/2018,17:00,36
335,1/27/2018,18:00,37
335,1/27/2018,19:00,37
335,1/27/2018,20:00,37
335,1/27/2018,21:00,36
335,1/27/2018,22:00,36
335,1/27/2018,23:00,36
335,1/28/2018,0:00,36
335,1/28/2018,1:00,36
335,1/28/2018,2:00,36
335,1/28/2018,3:00,36
335,1/28/2018,4:00,36
335,1/28/2018,5:00,35
335,1/28/2018,6:00,35
335,1/28/2018,7:00,-99.9
335,1/28/2018,8:00,-99.9
335,1/28/2018,9:00,36
335,1/28/2018,10:00,35
335,1/28/2018,11:00,37
335,1/28/2018,12:00,36
335,1/28/2018,13:00,36
335,1/28/2018,14:00,36
335,1/28/2018,15:00,37
335,1/28/2018,16:00,37
335,1/28/2018,17:00,37
335,1/28/2018,18:00,37
335,1/28/2018,19:00,37
335,1/28/2018,20:00,37
335,1/28/2018,21:00,37
335,1/28/2018,22:00,37
335,1/28/2018,23:00,37
335,1/29/2018,0:00,37
335,1/29/2018,1:00,36
335,1/29/2018,2:00,36
335,1/29/2018,3:00,36
335,1/29/2018,4:00,36
335,1/29/2018,5:00,36
335,1/29/2018,6:00,36
335,1/29/2018,7:00,37
335,1/29/2018,8:00,36
335,1/29/2018,9:00,36
335,1/29/2018,10:00,36
335,1/29/2018,11:00,35
335,1/29/2018,12:00,34
335,1/29/2018,13:00,35
335,1/29/2018,14:00,35
335,1/29/2018,15:00,36
335,1/29/2018,16:00,36
335,1/29/2018,17:00,36
335,1/29/2018,18:00,36
335,1/29/2018,19:00,36
335,1/29/2018,20:00,36
335,1/29/2018,21:00,36
335,1/29/2018,22:00,36
335,1/29/2018,23:00,36
335,1/30/2018,0:00,36
335,1/30/2018,1:00,36
335,1/30/2018,2:00,36
335,1/30/2018,3:00,36
335,1/30/2018,4:00,36
335,1/30/2018,5:00,36
335,1/30/2018,6:00,36
335,1/30/2018,7:00,36
335,1/30/2018,8:00,36
335,1/30/2018,9:00,35
335,1/30/2018,10:00,34
335,1/30/2018,11:00,34
335,1/30/2018,12:00,34
335,1/30/2018,13:00,33
335,1/30/2018,14:00,34
335,1/30/2018,15:00,34
335,1/30/2018,16:00,34
335,1/30/2018,17:00,34
335,1/30/2018,18:00,32
335,1/30/2018,19:00,32
335,1/30/2018,20:00,32
335,1/30/2018,21:00,32
335,1/30/2018,22:00,33
335,1/30/2018,23:00,33
335,1/31/2018,0:00,32
335,1/31/2018,1:00,32
335,1/31/2018,2:00,32
335,1/31/2018,3:00,32
335,1/31/2018,4:00,32
335,1/31/2018,5:00,32
335,1/31/2018,6:00,32
335,1/31/2018,7:00,32
335,1/31/2018,8:00,32
335,1/31/2018,9:00,31
335,1/31/2018,10:00,31
335,1/31/2018,11:00,31
335,1/31/2018,12:00,31
335,1/31/2018,13:00,31
335,1/31/2018,14:00,32
335,1/31/2018,15:00,32
335,1/31/2018,16:00,32
335,1/31/2018,17:00,32
335,1/31/2018,18:00,32
335,1/31/2018,19:00,32
335,1/31/2018,20:00,32
335,1/31/2018,21:00,32
335,1/31/2018,22:00,32
335,1/31/2018,23:00,32
335,2/1/2018,0:00,32
335,2/1/2018,1:00,32
335,2/1/2018,2:00,32
335,2/1/2018,3:00,32
335,2/1/2018,4:00,32
335,2/1/2018,5:00,-99.9
335,2/1/2018,6:00,-99.9
335,2/1/2018,7:00,-99.9
335,2/1/2018,8:00,-99.9
335,2/1/2018,9:00,-99.9
335,2/1/2018,10:00,35
335,2/1/2018,11:00,-99.9
335,2/1/2018,12:00,-99.9
335,2/1/2018,13:00,35
335,2/1/2018,14:00,35
335,2/1/2018,15:00,35
335,2/1/2018,16:00,36
335,2/1/2018,17:00,36
335,2/1/2018,18:00,36
335,2/1/2018,19:00,36
335,2/1/2018,20:00,36
335,2/1/2018,21:00,35
335,2/1/2018,22:00,35
335,2/1/2018,23:00,35
335,2/2/2018,0:00,35
335,2/2/2018,1:00,35
335,2/2/2018,2:00,35
335,2/2/2018,3:00,35
335,2/2/2018,4:00,35
335,2/2/2018,5:00,35
335,2/2/2018,6:00,35
335,2/2/2018,7:00,34
335,2/2/2018,8:00,34
335,2/2/2018,9:00,33
335,2/2/2018,10:00,34
335,2/2/2018,11:00,33
335,2/2/2018,12:00,33
335,2/2/2018,13:00,34
335,2/2/2018,14:00,34
335,2/2/2018,15:00,33
335,2/2/2018,16:00,33
335,2/2/2018,17:00,34
335,2/2/2018,18:00,34
335,2/2/2018,19:00,34
335,2/2/2018,20:00,35
335,2/2/2018,21:00,-99.9
335,2/2/2018,22:00,-99.9
335,2/2/2018,23:00,35
335,2/3/2018,0:00,35
335,2/3/2018,1:00,34
335,2/3/2018,2:00,35
335,2/3/2018,3:00,35
335,2/3/2018,4:00,-99.9
335,2/3/2018,5:00,37
335,2/3/2018,6:00,37
335,2/3/2018,7:00,37
335,2/3/2018,8:00,37
335,2/3/2018,9:00,-99.9
335,2/3/2018,10:00,37
335,2/3/2018,11:00,36
335,2/3/2018,12:00,36
335,2/3/2018,13:00,37
335,2/3/2018,14:00,-99.9
335,2/3/2018,15:00,37
335,2/3/2018,16:00,36
335,2/3/2018,17:00,-99.9
335,2/3/2018,18:00,37
335,2/3/2018,19:00,37
335,2/3/2018,20:00,37
335,2/3/2018,21:00,-99.9
335,2/3/2018,22:00,36
335,2/3/2018,23:00,36
335,2/4/2018,0:00,36
335,2/4/2018,1:00,37
335,2/4/2018,2:00,37
335,2/4/2018,3:00,37
335,2/4/2018,4:00,37
335,2/4/2018,5:00,36
335,2/4/2018,6:00,37
335,2/4/2018,7:00,36
335,2/4/2018,8:00,36
335,2/4/2018,9:00,36
335,2/4/2018,10:00,36
335,2/4/2018,11:00,35
335,2/4/2018,12:00,35
335,2/4/2018,13:00,35
335,2/4/2018,14:00,35
335,2/4/2018,15:00,35
335,2/4/2018,16:00,36
335,2/4/2018,17:00,36
335,2/4/2018,18:00,36
335,2/4/2018,19:00,36
335,2/4/2018,20:00,36
335,2/4/2018,21:00,36
335,2/4/2018,22:00,36
335,2/4/2018,23:00,36
335,2/5/2018,0:00,35
335,2/5/2018,1:00,-99.9
335,2/5/2018,2:00,35
335,2/5/2018,3:00,36
335,2/5/2018,4:00,37
335,2/5/2018,5:00,-99.9
335,2/5/2018,6:00,38
335,2/5/2018,7:00,39
335,2/5/2018,8:00,38
335,2/5/2018,9:00,-99.9
335,2/5/2018,10:00,-99.9
335,2/5/2018,11:00,38
335,2/5/2018,12:00,-99.9
335,2/5/2018,13:00,37
335,2/5/2018,14:00,-99.9
335,2/5/2018,15:00,-99.9
335,2/5/2018,16:00,-99.9
335,2/5/2018,17:00,-99.9
335,2/5/2018,18:00,-99.9
335,2/5/2018,19:00,43
335,2/5/2018,20:00,-99.9
335,2/5/2018,21:00,-99.9
335,2/5/2018,22:00,-99.9
335,2/5/2018,23:00,-99.9
335,2/6/2018,0:00,43
335,2/6/2018,1:00,-99.9
335,2/6/2018,2:00,46
335,2/6/2018,3:00,47
335,2/6/2018,4:00,46
335,2/6/2018,5:00,46
335,2/6/2018,6:00,46
335,2/6/2018,7:00,46
335,2/6/2018,8:00,45
335,2/6/2018,9:00,44
335,2/6/2018,10:00,44
335,2/6/2018,11:00,43
335,2/6/2018,12:00,44
335,2/6/2018,13:00,44
335,2/6/2018,14:00,44
335,2/6/2018,15:00,-99.9
335,2/6/2018,16:00,44
335,2/6/2018,17:00,-99.9
335,2/6/2018,18:00,-99.9
335,2/6/2018,19:00,-99.9
335,2/6/2018,20:00,-99.9
335,2/6/2018,21:00,44
335,2/6/2018,22:00,44
335,2/6/2018,23:00,45
335,2/7/2018,0:00,44
335,2/7/2018,1:00,-99.9
335,2/7/2018,2:00,-99.9
335,2/7/2018,3:00,-99.9
335,2/7/2018,4:00,-99.9
335,2/7/2018,5:00,-99.9
335,2/7/2018,6:00,-99.9
335,2/7/2018,7:00,-99.9
335,2/7/2018,8:00,-99.9
335,2/7/2018,9:00,-99.9
335,2/7/2018,10:00,45
335,2/7/2018,11:00,44
335,2/7/2018,12:00,43
335,2/7/2018,13:00,43
335,2/7/2018,14:00,44
335,2/7/2018,15:00,43
335,2/7/2018,16:00,44
335,2/7/2018,17:00,44
335,2/7/2018,18:00,44
335,2/7/2018,19:00,44
335,2/7/2018,20:00,43
335,2/7/2018,21:00,43
335,2/7/2018,22:00,43
335,2/7/2018,23:00,43
335,2/8/2018,0:00,43
335,2/8/2018,1:00,43
335,2/8/2018,2:00,43
335,2/8/2018,3:00,43
335,2/8/2018,4:00,43
335,2/8/2018,5:00,43
335,2/8/2018,6:00,43
335,2/8/2018,7:00,43
335,2/8/2018,8:00,42
335,2/8/2018,9:00,42
335,2/8/2018,10:00,42
335,2/8/2018,11:00,42
335,2/8/2018,12:00,41
335,2/8/2018,13:00,41
335,2/8/2018,14:00,41
335,2/8/2018,15:00,41
335,2/8/2018,16:00,42
335,2/8/2018,17:00,42
335,2/8/2018,18:00,42
335,2/8/2018,19:00,41
335,2/8/2018,20:00,42
335,2/8/2018,21:00,42
335,2/8/2018,22:00,41
335,2/8/2018,23:00,41
335,2/9/2018,0:00,42
335,2/9/2018,1:00,41
335,2/9/2018,2:00,41
335,2/9/2018,3:00,41
335,2/9/2018,4:00,41
335,2/9/2018,5:00,41
335,2/9/2018,6:00,41
335,2/9/2018,7:00,41
335,2/9/2018,8:00,-99.9
335,2/9/2018,9:00,-99.9
335,2/9/2018,10:00,41
335,2/9/2018,11:00,41
335,2/9/2018,12:00,41
335,2/9/2018,13:00,40
335,2/9/2018,14:00,40
335,2/9/2018,15:00,41
335,2/9/2018,16:00,41
335,2/9/2018,17:00,41
335,2/9/2018,18:00,40
335,2/9/2018,19:00,41
335,2/9/2018,20:00,40
335,2/9/2018,21:00,-99.9
335,2/9/2018,22:00,44
335,2/9/2018,23:00,-99.9
335,2/10/2018,0:00,45
335,2/10/2018,1:00,44
335,2/10/2018,2:00,44
335,2/10/2018,3:00,44
335,2/10/2018,4:00,44
335,2/10/2018,5:00,-99.9
335,2/10/2018,6:00,45
335,2/10/2018,7:00,45
335,2/10/2018,8:00,46
335,2/10/2018,9:00,47
335,2/10/2018,10:00,47
335,2/10/2018,11:00,47
335,2/10/2018,12:00,47
335,2/10/2018,13:00,47
335,2/10/2018,14:00,47
335,2/10/2018,15:00,47
335,2/10/2018,16:00,47
335,2/10/2018,17:00,47
335,2/10/2018,18:00,47
335,2/10/2018,19:00,47
335,2/10/2018,20:00,-99.9
335,2/10/2018,21:00,46
335,2/10/2018,22:00,47
335,2/10/2018,23:00,-99.9
335,2/11/2018,0:00,45
335,2/11/2018,1:00,46
335,2/11/2018,2:00,46
335,2/11/2018,3:00,47
335,2/11/2018,4:00,46
335,2/11/2018,5:00,46
335,2/11/2018,6:00,46
335,2/11/2018,7:00,46
335,2/11/2018,8:00,45
335,2/11/2018,9:00,44
335,2/11/2018,10:00,45
335,2/11/2018,11:00,44
335,2/11/2018,12:00,44
335,2/11/2018,13:00,43
335,2/11/2018,14:00,43
335,2/11/2018,15:00,44
335,2/11/2018,16:00,45
335,2/11/2018,17:00,45
335,2/11/2018,18:00,45
335,2/11/2018,19:00,45
335,2/11/2018,20:00,45
335,2/11/2018,21:00,45
335,2/11/2018,22:00,45
335,2/11/2018,23:00,45
335,2/12/2018,0:00,46
335,2/12/2018,1:00,45
335,2/12/2018,2:00,45
335,2/12/2018,3:00,45
335,2/12/2018,4:00,45
335,2/12/2018,5:00,44
335,2/12/2018,6:00,45
335,2/12/2018,7:00,45
335,2/12/2018,8:00,43
335,2/12/2018,9:00,43
335,2/12/2018,10:00,43
335,2/12/2018,11:00,43
335,2/12/2018,12:00,43
335,2/12/2018,13:00,43
335,2/12/2018,14:00,42
335,2/12/2018,15:00,-99.9
335,2/12/2018,16:00,-99.9
335,2/12/2018,17:00,-99.9
335,2/12/2018,18:00,44
335,2/12/2018,19:00,-99.9
335,2/12/2018,20:00,46
335,2/12/2018,21:00,45
335,2/12/2018,22:00,-99.9
335,2/12/2018,23:00,-99.9
335,2/13/2018,0:00,46
335,2/13/2018,1:00,46
335,2/13/2018,2:00,46
335,2/13/2018,3:00,46
335,2/13/2018,4:00,46
335,2/13/2018,5:00,46
335,2/13/2018,6:00,46
335,2/13/2018,7:00,45
335,2/13/2018,8:00,45
335,2/13/2018,9:00,44
335,2/13/2018,10:00,44
335,2/13/2018,11:00,44
335,2/13/2018,12:00,43
335,2/13/2018,13:00,43
335,2/13/2018,14:00,44
335,2/13/2018,15:00,44
335,2/13/2018,16:00,44
335,2/13/2018,17:00,44
335,2/13/2018,18:00,44
335,2/13/2018,19:00,44
335,2/13/2018,20:00,44
335,2/13/2018,21:00,43
335,2/13/2018,22:00,43
335,2/13/2018,23:00,43
335,2/14/2018,0:00,42
335,2/14/2018,1:00,41
335,2/14/2018,2:00,42
335,2/14/2018,3:00,40
335,2/14/2018,4:00,42
335,2/14/2018,5:00,42
335,2/14/2018,6:00,41
335,2/14/2018,7:00,41
335,2/14/2018,8:00,40
335,2/14/2018,9:00,40
335,2/14/2018,10:00,40
335,2/14/2018,11:00,40
335,2/14/2018,12:00,40
335,2/14/2018,13:00,39
335,2/14/2018,14:00,39
335,2/14/2018,15:00,40
335,2/14/2018,16:00,40
335,2/14/2018,17:00,40
335,2/14/2018,18:00,40
335,2/14/2018,19:00,40
335,2/14/2018,20:00,40
335,2/14/2018,21:00,40
335,2/14/2018,22:00,40
335,2/14/2018,23:00,-99.9
335,2/15/2018,0:00,40
335,2/15/2018,1:00,-99.9
335,2/15/2018,2:00,40
335,2/15/2018,3:00,-99.9
335,2/15/2018,4:00,-99.9
335,2/15/2018,5:00,-99.9
335,2/15/2018,6:00,-99.9
335,2/15/2018,7:00,42
335,2/15/2018,8:00,42
335,2/15/2018,9:00,-99.9
335,2/15/2018,10:00,44
335,2/15/2018,11:00,44
335,2/15/2018,12:00,44
335,2/15/2018,13:00,-99.9
335,2/15/2018,14:00,44
335,2/15/2018,15:00,45
335,2/15/2018,16:00,44
335,2/15/2018,17:00,45
335,2/15/2018,18:00,46
335,2/15/2018,19:00,46
335,2/15/2018,20:00,46
335,2/15/2018,21:00,46
335,2/15/2018,22:00,46
335,2/15/2018,23:00,46
335,2/16/2018,0:00,46
335,2/16/2018,1:00,46
335,2/16/2018,2:00,46
335,2/16/2018,3:00,46
335,2/16/2018,4:00,46
335,2/16/2018,5:00,46
335,2/16/2018,6:00,46
335,2/16/2018,7:00,45
335,2/16/2018,8:00,44
335,2/16/2018,9:00,44
335,2/16/2018,10:00,44
335,2/16/2018,11:00,44
